Survey::Survey_Date,Outfall_ID,E. coli at 100ml,Air Temp,Alkalinity,Arrival_Time,Bac Notes,Color,Cond Exceed Tot,Conductivity,Copper,Copper Exceed Tot,DO,DO Exceedance Tot,E. coli Exceed Tot,Enterococcus at 100ml,Flouride,Flow_Rate,Genl_outfall_notes,Hardness,Hydrogen Sulfide,Iron,Lead,Lead Exceed Tot,Manganese,Mercury,Nitrate,Nitrite,Odor,pH,pH Exceed Tot,QCQA,Salinity,Sample Vol ML,Sodium Chloride,Survey_nbr,Temp Exceed Tot,Temp_Difference,Total Chlorine,TotalCount,Turbidity,Turbidity Exceed Tot,UniqueCount,Vis_Notes,Visual,Water Temp,WQ_Notes,YSI Dupe,Zinc,Survey::City
02/03/2021,Bennett Ave,340,8.89,,,,0,164,212.1,,8,11.09,30,126,,,Present,,,,,,0,,,,,0,7.44,0,YES,0.1,,,BEL210203,175,1.21,,565,9,6,0.018518519,,0,10.1,,NO,,Bellingham
03/16/2021,Bennett Ave,7040,9.4,,,,0,164,293.2,,8,10.19,30,126,,,Present,,,,,,0,,,,,0,7.81,0,YES,0.14,,,BEL210316,175,0.7,,565,9,6,0.037037037,,0,10.1,,NO,,Bellingham
04/15/2021,Bennett Ave,760,20,,,,0,164,303.3,,8,,30,126,,,Present,,,,,,0,,,,,0,7.46,0,YES,0.15,,,BEL210415,175,-8.2,,565,9,6,0.055555556,,0,11.8,,NO,,Bellingham
05/11/2021,Bennett Ave,460,17.3,,,,0,164,240,,8,,30,126,,,Present,,,,,,0,,,,,0,7.6,0,YES,0.15,,,BEL210511,175,-3.7,,565,9,6,0.074074074,,0,13.6,,NO,,Bellingham
06/08/2021,Bennett Ave,280,22.1,,,,0,164,282.6,,8,10.2,30,126,,,Present,,,,,,0,,,,,0,7.6,0,YES,0.14,,,BEL210608,175,-7.7,,565,9,6,0.092592593,,0,14.4,,NO,,Bellingham
07/06/2021,Bennett Ave,1540,22.2,,,,0,164,236.4,,8,9.33,30,126,,,Present,,,,,,0,,,,,0,7.46,0,YES,0.13,,,BEL210706,175,-5.6,,565,9,6,0.111111111,,0,16.6,,NO,,Bellingham
08/11/2021,Bennett Ave,2560,22.3,,,,0,164,322.3,,8,9.3,30,126,,,Present,,,,,,0,,,,,0,7.38,0,YES,0.15,,,BEL210811,175,-4.4,,565,9,6,0.12962963,,0,17.9,,NO,,Bellingham
09/07/2021,Bennett Ave,180,22.8,,,,0,164,353.4,,8,10.45,30,126,,,Present,,,,,,0,,,,,0,7.83,0,YES,0.17,,,BEL210907,175,-6,,565,9,6,0.148148148,,0,16.8,,NO,,Bellingham
10/04/2021,Bennett Ave,540,14.2,,,,0,164,303.2,,8,9.88,30,126,,,Present,,,,,,0,,,,,0,7.81,0,YES,0.15,,,BEL211004,175,1,,565,9,6,0.166666667,,0,15.2,,NO,,Bellingham
11/01/2021,Bennett Ave,420,7.22,,,,0,164,273.5,,8,10,30,126,,,Present,,,,,,0,,,,,0,7.79,0,YES,0.13,,,BEL211101,175,5.88,,565,9,6,0.185185185,,0,13.1,,NO,,Bellingham
12/01/2021,Bennett Ave,260,13.9,,,,1,164,79.9,,8,11.87,30,126,,,Present,,,,,,0,,,,,0,7.18,0,YES,0.04,,,BEL211201,175,-2.1,,565,9,6,0.203703704,,0,11.8,,NO,,Bellingham
01/13/2022,Bennett Ave,1000,5.5,,,,0,164,254.5,,8,11.51,30,126,,,Present,,,,,,0,,,,,0,7.65,0,YES,0.12,,,BEL220113,175,4.3,,565,9,6,0.222222222,,0,9.8,,NO,,Bellingham
01/13/2022,Bennett Ave,1280,5.5,,,,0,164,254.4,,8,11.46,30,126,,,Present,,,,,,0,,,,,0,7.63,0,YES,0.12,,,BEL220113,175,4.4,,565,9,6,0.240740741,,0,9.9,,NO,,Bellingham
02/24/2022,Bennett Ave,420,3,,,,0,164,306.3,,8,12.05,30,126,,,Present,,,,,,0,,,,,0,8.03,0,YES,0.15,,,BEL220224,175,5.8,,565,9,6,0.259259259,,0,8.8,,NO,,Bellingham
02/24/2022,Bennett Ave,360,3,,,,0,164,308.6,,8,11.75,30,126,,,Present,,,,,,0,,,,,0,7.98,0,YES,0.15,,,BEL220224,175,5.9,,565,9,6,0.277777778,,0,8.9,,NO,,Bellingham
03/24/2022,Bennett Ave,1040,15.2,,,,0,164,232.1,,8,11.65,30,126,,,Present,,,,,,0,,,,,0,7.7,0,YES,0.11,,,BEL220324,175,-4.7,,565,9,6,0.296296296,,0,10.5,,NO,,Bellingham
04/18/2022,Bennett Ave,220,13.7,,,,0,164,252,,8,10.87,30,126,,,Present,,,,,,0,,,,,0,7.5,0,YES,0.12,,,BEL220418,175,-2.7,,565,9,6,0.314814815,,0,11,,NO,,Bellingham
05/18/2022,Bennett Ave,480,12.2,,,,0,164,223.9,,8,10.56,30,126,,,Present,,,,,,0,,,,,0,8.11,0,YES,0.11,,,BEL220518,175,-0.2,,565,9,6,0.333333333,,1,12,,NO,,Bellingham
06/15/2022,Bennett Ave,220,19.1,,,,0,164,247.1,,8,10.1,30,126,,,Present,,,,,,0,,,,,0,7.56,0,YES,0.12,,,BEL220615,175,-5.2,,565,9,6,0.351851852,,0,13.9,,NO,,Bellingham
07/26/2022,Bennett Ave,20480,23.1,,,,0,164,294.7,,8,10.03,30,126,,,Present,,,,,,0,,,,,0,7.61,0,YES,0.14,,,BEL220726,175,-6.1,,565,9,6,0.37037037,,0,17,,NO,,Bellingham
08/25/2022,Bennett Ave,2400,23.5,,,,0,164,411.2,,8,9.48,30,126,,,Present,,,,,,0,,,,,0,7.65,0,YES,0.2,,,BEL220825,175,-5.2,,565,9,6,0.388888889,,0,18.3,,NO,,Bellingham
09/07/2022,Bennett Ave,0,15.5,,,,0,164,339.9,,8,6.33,30,126,,,Present,,,,,,0,,,,,0,7.33,0,YES,0.15,,,BEL220907,175,1.7,,565,9,6,0.407407407,,1,17.2,,NO,,Bellingham
10/04/2022,Bennett Ave,14700,13,,,,0,164,273,,8,9.59,30,126,,,Present,,,,,,0,,,,,0,8.13,0,YES,0.13,,,BEL221004,175,3.2,,565,9,6,0.425925926,,0,16.2,,NO,,Bellingham
11/07/2022,Bennett Ave,600,1.1,,,,0,164,238.6,,8,10.4,30,126,,,Present,,,,,,0,,,,,0,8.27,0,YES,0.11,,,BEL221107,175,11.6,,565,9,6,0.444444444,,0,12.7,,NO,,Bellingham
12/05/2022,Bennett Ave,500,5.8,,,,0,164,254.4,,8,10.93,30,126,,,Present,,,,,,0,,,,,0,8.21,0,YES,0.12,,,BEL221205,175,4.8,,565,9,6,0.462962963,,0,10.6,,NO,,Bellingham
01/03/2023,Bennett Ave,5000,4.8,,,,0,164,243.4,,8,11.64,30,126,,,Present,,,,,,0,,,,,0,7.65,0,YES,0.12,,,BEL230103,175,5.5,,565,9,6,0.481481481,,0,10.3,,NO,,Bellingham
02/15/2023,Bennett Ave,178,6.7,,,,0,164,287.9,,8,12.11,30,126,,,Present,,,,,,0,,,,,0,7.36,0,YES,0.14,,,BEL230215,175,2.8,,565,9,6,0.5,,0,9.5,,NO,,Bellingham
03/15/2023,Bennett Ave,700,9,,,,0,164,308.5,,8,12.4,30,126,,,Present,,,,,,0,,,,,0,6.97,0,YES,0.15,,,BEL230315,175,0.8,,565,9,6,0.518518519,,0,9.8,,NO,,Bellingham
04/11/2023,Bennett Ave,470,10,,,,0,164,268.7,,8,,30,126,5,,Present,,,,,,0,,,,,0,7.93,0,YES,0.13,,,BEL230411,175,0.4,,565,9,6,0.537037037,,0,10.4,,NO,,Bellingham
05/12/2023,Bennett Ave,55,21,,,,0,164,398.2,,8,,30,126,,,Present,,,,,,0,,,,,0,7.16,0,YES,0.19,,,BEL230512,175,-7.5,,565,9,6,0.555555556,,0,13.5,,NO,,Bellingham
06/06/2023,Bennett Ave,315,21.1,,,,0,164,910,,8,,30,126,,,Present,,,,,,0,,,,,0,7.5,0,YES,0.45,,,BEL230606,175,-5.9,,565,9,6,0.574074074,,0,15.2,,NO,,Bellingham
07/18/2023,Bennett Ave,130,24.7,,,,0,164,467.7,,8,9.11,30,126,,,Present,,,,,,0,,,,,0,7.99,0,YES,0.23,,,BEL230718,175,-7.5,,565,2.14,6,0.592592593,,0,17.2,,NO,,Bellingham
08/01/2023,Bennett Ave,30,21.6,,,,0,164,454.5,,8,9.12,30,126,,,Present,,,,,,0,,,,,0,8.06,0,YES,0.22,,,BEL230801,175,-4,,565,0,6,0.611111111,,0,17.6,,NO,,Bellingham
09/27/2023,Bennett Ave,,14.2,,10:15:00,,0,164,697,,8,8.21,30,126,1233,,Moderate,,,,,,0,,,,,0,7.65,0,YES,0.34,,,BEL230927,175,1.9,,565,0,6,0.62962963,,0,16.1,,NO,,Bellingham
10/26/2023,Bennett Ave,,6.2,,09:35:00,,0,164,267.1,,8,10.42,30,126,270,,Moderate,,,,,,0,,,,,0,7.84,0,YES,0.13,,,BEL231026,175,6.9,,565,2.21,6,0.648148148,,0,13.1,,NO,,Bellingham
10/26/2023,Bennett Ave,,,40,,,,164,,0,8,,30,126,,0,,,25,0,0,0,0,0,0,0,0,,,0,YES,,,0,BEL231026,175,,0,565,,6,0.666666667,,,,,NO,0,Bellingham
11/22/2023,Bennett Ave,155,8.6,,17:50:00,,0,164,221.2,,8,7.44,30,126,5,,Present,,,,,,0,,,,,0,7.85,0,YES,0.11,,,BEL231122,175,2.7,,565,0,6,0.685185185,,0,11.3,,NO,,Bellingham
11/22/2023,Bennett Ave,,8.6,,17:50:00,,0,164,222.2,,8,7.31,30,126,,,Present,,,,,,0,,,,,0,7.83,0,YES,0.11,,,BEL231122,175,3.2,,565,0,6,0.703703704,,0,11.8,,NO,,Bellingham
11/22/2023,Bennett Ave,,,80,,,,164,,0,8,,30,126,,0,,,0,0,0,0,0,0,0,0,0,,,0,YES,,,0,BEL231122,175,,0,565,,6,0.722222222,,,,,NO,0,Bellingham
12/13/2023,Bennett Ave,1060,6.7,,20:26:00,,0,164,256.3,,8,7.47,30,126,125,,Moderate,,,,,,0,,,,,0,7.61,0,YES,0.15,,,BEL231213,175,4.6,,565,0,6,0.740740741,,0,11.3,,NO,,Bellingham
12/13/2023,Bennett Ave,,,40,,,,164,,0,8,,30,126,,0,,,25,0,0,0,0,0,0,0,0,,,0,YES,,,0,BEL231213,175,,0,565,,6,0.759259259,,,,,NO,0,Bellingham
01/08/2024,Bennett Ave,315,7.4,,19:11:00,,1,164,88.5,,8,9.57,30,126,255,,High,,,,,,0,,,,,0,7.2,0,YES,0.04,,,BEL240108,175,-0.3,,565,5.98,6,0.777777778,,0,7.1,,NO,,Bellingham
01/08/2024,Bennett Ave,,,40,,,,164,,0,8,,30,126,,0,,,25,0,0,0,0,0,0,0,0,,,0,YES,,,0,BEL240108,175,,0,565,,6,0.796296296,,,,,NO,0,Bellingham
02/07/2024,Bennett Ave,175,8.1,,19:12:00,,0,164,317.14,,8,11.8,30,126,60,,Moderate,,,,,,0,,,,,0,7.57,0,YES,0.15,,,BEL240207,175,1.6,,565,3.13,6,0.814814815,,1,9.7,,NO,,Bellingham
02/07/2024,Bennett Ave,185,9.2,,19:18:00,,0,164,320,,8,11.5,30,126,60,,Moderate,,,,,,0,,,,,0,7.75,0,YES,0.15,,,BEL240207,175,0.5,,565,1.13,6,0.833333333,,1,9.7,,NO,,Bellingham
02/07/2024,Bennett Ave,,,40,,,,164,,0,8,,30,126,,0,,,0,0,0,0,0,0,0,0,0,,,0,YES,,,0,BEL240207,175,,0,565,,6,0.851851852,,,,,NO,0,Bellingham
03/18/2024,Bennett Ave,3000,14,0,18:45:00,,0,164,270.8,0,8,12.16,30,126,800,0,Moderate,,0,0,0,0,0,0,0,0,0,0,7.4,0,YES,0.13,,0,BEL240318,175,-3.6,0,565,0,6,0.87037037,,0,10.4,,NO,0,Bellingham
04/15/2024,Bennett Ave,350,15.7,,,,0,164,306.2,,8,11.46,30,126,150,,Moderate,,,,,,0,,,,,0,7.76,0,YES,0.15,,,BEL240415,175,-4.6,,565,0,6,0.888888889,"turbidity samples gave odd/inconsisten reading, maybe an issue with batteries; unable to complete Bennett readings so no test strip data",0,11.1,,NO,,Bellingham
05/15/2024,Bennett Ave,12121,20,40,,,0,164,291.8,0,8,10.56,30,126,,0,Moderate,,0,0,0,0,0,0,0,0,0,0,7.8,0,YES,0.14,,0,BEL240515,175,-6.9,0,565,12.23,6,0.907407407,visual: foam,1,13.1,total alkalinity was 50,NO,0,Bellingham
06/25/2024,Bennett Ave,3030,25.7,80,18:10:00,,1,164,275.7,0,8,9.92,30,126,,0,Moderate,,0,0,0,0,0,0,0,0,0,0,7.28,0,YES,0.13,3,0,20014,175,-10.6,0,565,0.75,6,0.925925926,color tan,0,15.1,,NO,0,Bellingham
07/23/2024,Bennett Ave,2065,22.8,80,10:01:00,,0,164,320.1,0,8,8.94,30,126,,0,Trickle,,0,0,0,0,0,0,0,0,0,0,7.3,0,YES,0.16,3,0,30014,175,-6.8,0,565,0.28,6,0.944444444,,0,16,,NO,0,Bellingham
08/06/2024,Bennett Ave,1265,23.9,0,13:08:00,,0,164,325,0,8,9.61,30,126,,0,Moderate,,0,0,0,0,0,0,0,0,0,0,7.79,0,YES,0.16,,0,30017,175,-7.7,0,565,,6,0.962962963,,0,16.2,,"No
Yes",0,Bellingham
08/06/2024,Bennett Ave,600,23.9,0,13:08:00,,1,164,391.2,0,8,9.55,30,126,,0,Moderate,,0,0,0,0,0,0,0,0,0,0,7.61,0,YES,0.19,3,0,30017,175,-7.8,0,565,,6,0.981481481,"greenish, grass/algae",1,16.1,,No,0,Bellingham
09/16/2024,Bennett Ave,300,19.1,80,10:45:00,,0,164,379.7,0,8,9.36,30,126,,0,Moderate,,25,0,0,5,0,0,0,0,0,1,7.82,0,YES,0.18,3,0,30112,175,-3.1,0.5,565,0,6,1,faintly fishy,0,16,,No,0,Bellingham
02/03/2021,Broadway St,260,8.89,,,,0,164,249.2,,8,11.51,30,126,,,Present,,,,,,0,,,,,1,7.55,0,YES,0.12,,,BEL210203,175,-0.19,,565,9,6,1.017241379,,0,8.7,,NO,,Bellingham
02/03/2021,Broadway St,300,8.89,,,,0,164,247.7,,8,11.13,30,126,,,Present,,,,,,0,,,,,1,7.45,0,YES,0.12,,,BEL210203,175,-0.19,,565,9,6,1.034482759,,0,8.7,,NO,,Bellingham
03/16/2021,Broadway St,60,9.4,,,,0,164,393.1,,8,7.22,30,126,,,Present,,,,,,0,,,,,0,7.3,0,YES,0.19,,,BEL210316,175,-0.4,,565,9,6,1.051724138,,0,9,,NO,,Bellingham
04/15/2021,Broadway St,20,20,,,,0,164,222.8,,8,,30,126,,,Present,,,,,,0,,,,,0,6.84,0,YES,0.11,,,BEL210415,175,-8.6,,565,9,6,1.068965517,,0,11.4,,NO,,Bellingham
04/15/2021,Broadway St,20,20,,,,0,164,393.3,,8,,30,126,,,Present,,,,,,0,,,,,0,6.9,0,YES,0.11,,,BEL210415,175,-9.3,,565,9,6,1.086206897,,0,10.7,,NO,,Bellingham
05/11/2021,Broadway St,40,17.3,,,,0,164,340.7,,8,,30,126,,,Present,,,,,,0,,,,,0,6.96,0,YES,0.16,,,BEL210511,175,-3.4,,565,9,6,1.103448276,,0,13.9,,NO,,Bellingham
06/08/2021,Broadway St,60,22.1,,,,0,164,417.4,,8,9.58,30,126,,,Present,,,,,,0,,,,,0,7,0,YES,0.2,,,BEL210608,175,-7,,565,9,6,1.120689655,,0,15.1,,NO,,Bellingham
07/06/2021,Broadway St,40,22.2,,,,0,164,453.3,,8,8.99,30,126,,,Present,,,,,,0,,,,,0,7.26,0,YES,0.22,,,BEL210706,175,-5,,565,9,6,1.137931034,,0,17.2,,NO,,Bellingham
08/11/2021,Broadway St,20,22.3,,,,0,164,498.1,,8,9.23,30,126,,,Present,,,,,,0,,,,,0,7.09,0,YES,0.24,,,BEL210811,175,-4.2,,565,9,6,1.155172414,,0,18.1,,NO,,Bellingham
09/07/2021,Broadway St,60,16.5,,,,0,164,462.8,,8,9.71,30,126,,,Present,,,,,,0,,,,,0,7.46,0,YES,0.22,,,BEL210907,175,0.7,,565,9,6,1.172413793,,0,17.2,,NO,,Bellingham
10/04/2021,Broadway St,20,14.2,,,,0,164,366.4,,8,9.3,30,126,,,Present,,,,,,0,,,,,0,7.14,0,YES,0.18,,,BEL211004,175,1.8,,565,9,6,1.189655172,,0,16,,NO,,Bellingham
10/04/2021,Broadway St,20,14.2,,,,0,164,361.4,,8,9.12,30,126,,,Present,,,,,,0,,,,,0,7.22,0,YES,0.17,,,BEL211004,175,1.8,,565,9,6,1.206896552,,0,16,,NO,,Bellingham
11/01/2021,Broadway St,120,7.22,,,,0,164,328.8,,8,9.84,30,126,,,Present,,,,,,0,,,,,0,7.57,0,YES,0.16,,,BEL211101,175,5.98,,565,9,6,1.224137931,,0,13.2,,NO,,Bellingham
12/01/2021,Broadway St,600,13.9,,,,1,164,149.2,,8,12.06,30,126,,,Present,,,,,,0,,,,,0,7.26,0,YES,0.07,,,BEL211201,175,-2.2,,565,9,6,1.24137931,,0,11.7,,NO,,Bellingham
12/01/2021,Broadway St,280,13.9,,,,1,164,149.2,,8,11.8,30,126,,,Present,,,,,,0,,,,,0,7.23,0,YES,0.07,,,BEL211201,175,-2.2,,565,9,6,1.25862069,,0,11.7,,NO,,Bellingham
01/13/2022,Broadway St,280,5.5,,,,0,164,276.8,,8,11.76,30,126,,,Present,,,,,,0,,,,,0,7.44,0,YES,0.13,,,BEL220113,175,2.8,,565,9,6,1.275862069,,0,8.3,,NO,,Bellingham
02/24/2022,Broadway St,40,3,,,,0,164,789,,8,11.21,30,126,,,Present,,,,,,0,,,,,0,7.77,0,YES,0.39,,,BEL220224,175,5,,565,9,6,1.293103448,,0,8,,NO,,Bellingham
03/24/2022,Broadway St,100,15.2,,,,0,164,273.9,,8,11.75,30,126,,,Present,,,,,,0,,,,,0,7.45,0,YES,0.13,,,BEL220324,175,-5.7,,565,9,6,1.310344828,,0,9.5,,NO,,Bellingham
04/18/2022,Broadway St,20,13.7,,,,0,164,347.8,,8,10.66,30,126,,,Present,,,,,,0,,,,,0,7.52,0,YES,0.17,,,BEL220418,175,-3.2,,565,9,6,1.327586207,,1,10.5,,NO,,Bellingham
05/18/2022,Broadway St,480,12.2,,,,1,164,224.9,,8,10.39,30,126,,,Present,,,,,,0,,,,,0,7.93,0,YES,0.11,,,BEL220518,175,0.1,,565,9,6,1.344827586,,1,12.3,,NO,,Bellingham
06/15/2022,Broadway St,240,19.1,,,,0,164,329.3,,8,9.89,30,126,,,Present,,,,,,0,,,,,0,7.37,0,YES,0.16,,,BEL220615,175,-4.8,,565,9,6,1.362068966,,0,14.3,,NO,,Bellingham
07/26/2022,Broadway St,0,23.1,,,,1,164,425,,8,9.85,30,126,,,Present,,,,,,0,,,,,0,7.39,0,YES,0.2,,,BEL220726,175,-5.5,,565,9,6,1.379310345,,0,17.6,,NO,,Bellingham
07/26/2022,Broadway St,60,23.1,,,,1,164,428.8,,8,9.67,30,126,,,Present,,,,,,0,,,,,0,7.29,0,YES,0.21,,,BEL220726,175,-5.6,,565,9,6,1.396551724,,0,17.5,,NO,,Bellingham
08/15/2022,Broadway St,1380,23.3,,,,0,164,600,,8,9.37,30,126,,,Present,,,,,,0,,,,,0,7.73,0,YES,0.29,,,BEL220815,175,-5.3,,565,9,6,1.413793103,,0,18,,NO,,Bellingham
09/06/2022,Broadway St,0,14.6,,,,0,164,501.1,,8,6.94,30,126,,,Present,,,,,,0,,,,,0,7.7,0,YES,0.24,,,BEL220906,175,2.5,,565,9,6,1.431034483,,0,17.1,,NO,,Bellingham
10/04/2022,Broadway St,100,13,,,,0,164,446.3,,8,9.33,30,126,,,Present,,,,,,0,,,,,0,7.76,0,YES,0.22,,,BEL221004,175,3.1,,565,9,6,1.448275862,,0,16.1,,NO,,Bellingham
11/07/2022,Broadway St,1900,1.1,,,,0,164,290.7,,8,10.42,30,126,,,Present,,,,,,0,,,,,0,8.29,0,YES,0.14,,,BEL221107,175,11.5,,565,9,6,1.465517241,,0,12.6,,NO,,Bellingham
12/05/2022,Broadway St,68,5.8,,,,0,164,402.5,,8,11.43,30,126,,,Present,,,,,,0,,,,,0,6.94,0,YES,0.19,,,BEL221205,175,3.6,,565,9,6,1.482758621,,0,9.4,,NO,,Bellingham
01/03/2023,Broadway St,50,4.8,,,,0,164,322.6,,8,11.43,30,126,,,Present,,,,,,0,,,,,0,7.58,0,YES,0.15,,,BEL230103,175,3.9,,565,9,6,1.5,,0,8.7,,NO,,Bellingham
02/15/2023,Broadway St,6,6.7,,,,0,164,318.7,,8,12.41,30,126,,,Present,,,,,,0,,,,,0,7.35,0,YES,0.15,,,BEL230215,175,2,,565,9,6,1.517241379,,1,8.7,,NO,,Bellingham
03/14/2023,Broadway St,200,10,,,,1,164,279.5,,8,12.46,30,126,,,Present,,,,,,0,,,,,0,6.57,0,YES,0.13,,,BEL230314,175,-1.4,,565,9,6,1.534482759,,0,8.6,,NO,,Bellingham
04/12/2023,Broadway St,25,8,,,,1,164,230.9,,8,11.26,30,126,,,Present,,,,,,0,,,,,0,7.46,0,YES,0.11,,,BEL230412,175,2.1,,565,9,6,1.551724138,,0,10.1,,NO,,Bellingham
05/09/2023,Broadway St,40,13,,,,0,164,383.9,,8,,30,126,,,Present,,,,,,0,,,,,0,8.41,0,YES,0.19,,,BEL230509,175,-0.6,,565,9,6,1.568965517,,0,12.4,,NO,,Bellingham
06/06/2023,Broadway St,20,21.1,,,,0,164,397.9,,8,,30,126,,,Present,,,,,,0,,,,,0,7.1,0,YES,0.19,,,BEL230606,175,-5.6,,565,9,6,1.586206897,,0,15.5,,NO,,Bellingham
07/19/2023,Broadway St,100,24,,,,0,164,442.1,,8,9.13,30,126,,,Present,,,,,,0,,,,,0,7.67,0,YES,0.21,,,BEL230719,175,-6.5,,565,10.26,6,1.603448276,,0,17.5,,NO,,Bellingham
07/19/2023,Broadway St,165,24,,,,0,164,433.1,,8,9.17,30,126,,,Present,,,,,,0,,,,,0,7.83,0,YES,0.21,,,BEL230719,175,-6.7,,565,8.17,6,1.620689655,,0,17.3,,NO,,Bellingham
08/02/2023,Broadway St,260,19.7,,,,1,164,500,,8,8.77,30,126,,,Present,,,,,,0,,,,,0,7.53,0,YES,0.24,,,BEL230802,175,-1.6,,565,11.09,6,1.637931034,,0,18.1,,NO,,Bellingham
09/25/2023,Broadway St,110,16.3,,10:02:00,,1,164,303.7,,8,7.62,30,126,1105,,Moderate,,,,,,0,,,,,0,7.54,0,YES,0.15,,,BEL230925,175,0.5,,565,12.97,6,1.655172414,,0,16.8,,NO,,Bellingham
10/11/2023,Broadway St,,13.1,,09:34:00,,1,164,441.3,,8,8.08,30,126,230,,Moderate,,,,,,0,,,,,0,7.24,0,YES,0.21,,,BEL231011,175,2.2,,565,0.99,6,1.672413793,,1,15.3,,NO,,Bellingham
10/11/2023,Broadway St,,,80,,,,164,,0,8,,30,126,,0,,,100,0,0,0,0,0,0,0,1,,,0,YES,,,100,BEL231011,175,,0.5,565,,6,1.689655172,,,,Total Chlorine test 2 = 0,NO,0,Bellingham
11/13/2023,Broadway St,320,6.7,,20:41:00,,1,164,280.4,,8,10.2,30,126,,,Moderate,,,,,,0,,,,,2,7.33,0,YES,0.13,,,BEL231113,175,5.7,,565,2.07,6,1.706896552,,0,12.4,,NO,,Bellingham
11/13/2023,Broadway St,,,120,,,,164,,0,8,,30,126,,0,,,50,0,0,0,0,0,0,0,0,,,0,YES,,,0,BEL231113,175,,0,565,,6,1.724137931,,,,,NO,0,Bellingham
12/13/2023,Broadway St,115,8.4,,20:00:00,,1,164,241.2,,8,11.06,30,126,10,,High,,,,,,0,,,,,1,7.24,0,YES,0.12,,,BEL231213,175,1.3,,565,4.75,6,1.74137931,,0,9.7,,NO,,Bellingham
12/13/2023,Broadway St,,,80,,,,164,,0,8,,30,126,,0,,,50,0,0,0,0,0,0,0,0,,,0,YES,,,0,BEL231213,175,,0,565,,6,1.75862069,,,,done in the sample bottle the next morning,NO,0,Bellingham
01/23/2024,Broadway St,175,7.3,,20:18:00,,2,164,302.5,,8,12.9,30,126,35,,High,,,,,,0,,,,,3,7.07,0,YES,0.14,,,BEL240123,175,-1.7,,565,2.44,6,1.775862069,,0,5.6,,NO,,Bellingham
01/23/2024,Broadway St,135,7.3,,20:19:00,,2,164,302.6,,8,12.71,30,126,100,,High,,,,,,0,,,,,3,7.17,0,YES,0.14,,,BEL240123,175,-1.7,,565,3.08,6,1.793103448,,0,5.6,,NO,,Bellingham
01/23/2024,Broadway St,,,40,,,,164,,0,8,,30,126,,0,,,25,0,0,0,0,0,0,0,0,,,0,YES,,,0,BEL240123,175,,0,565,,6,1.810344828,,,,,NO,5,Bellingham
01/23/2024,Broadway St,,,40,,,,164,,0,8,,30,126,,4,,,25,0,0,0,0,0,0,0,0,,,0,YES,,,0,BEL240123,175,,0,565,,6,1.827586207,,,,,NO,5,Bellingham
02/15/2024,Broadway St,125,6,,15:46:00,,1,164,374.2,,8,12.04,30,126,25,,High,,,,,,0,,,,,0,7.38,0,YES,0.18,,,BEL240215,175,2.6,,565,0,6,1.844827586,,1,8.6,,NO,,Bellingham
02/15/2024,Broadway St,,,80,,,,164,,0,8,,30,126,,0,,,50,0,0,0,0,0,0,0,0,,,0,YES,,,0,BEL240215,175,,0,565,,6,1.862068966,,,,"originally thought 0.5 for chlorine because it was not white, but not pink tint. However, we realized the color of the box started out that way & confirmed with a distilled water sample.",NO,0,Bellingham
03/13/2024,Broadway St,175,13.5,80,15:26:00,,1,164,381.3,0,8,113.7,30,126,250,0,High,,50,0,0,0,0,0,0,0,0,1,7.42,0,YES,0.18,,0,BEL240313,175,-4.7,0,565,3.56,6,1.879310345,,0,8.8,,NO,0,Bellingham
04/10/2024,Broadway St,150,27.5,80,,,1,164,284.6,0,8,9.67,30,126,100,0,High,,100,0,0,0,0,0,0,0,0,1,7.19,0,YES,0.14,,0,BEL240410,175,-16.7,0,565,4.15,6,1.896551724,odor: sulfur; visual: some cloudiness and bubbles; microbial mat unchanged,2,10.8,,NO,0,Bellingham
05/22/2024,Broadway St,966,18.5,80,,,1,164,282.1,0,8,10.03,30,126,,0,High,,100,0,0,0,0,0,0,0,0,1,7.2,0,YES,0.14,,0,BEL240522,175,-4.7,0,565,5.35,6,1.913793103,color: yellow; odor: sulfur; visual: foam and cloudiness; colonies rounded to nearest whole cfu,2,13.8,,NO,0,Bellingham
07/01/2024,Broadway St,100,22.7,120,10:32:00,,1,164,426.9,0,8,9.78,30,126,,0,Moderate,,250,0,0,0,0,0,0,0,0,1,7.35,0,YES,0.21,3,0,30011,175,-7.5,0,565,0,6,1.931034483,"microbial mat present
yellow/bubbles foam
sulfer odor
",1,15.2,,NO,0,Bellingham
07/01/2024,Broadway St,,22.7,,10:32:00,,1,164,413.8,,8,9.71,30,126,,,Moderate,,,,,,0,,,,,1,7.4,0,YES,0.2,,,30011,175,-7.6,,565,0,6,1.948275862,"microbial mat presentyellow/bubbles foam
sulfer odor",1,15.1,,"No
Yes",,Bellingham
07/30/2024,Broadway St,2764,20.2,40,09:30:00,,3,164,157.1,0,8,9.56,30,126,,0,Heavy,,100,0,0,0,0,0,0,0,0,1,7.28,0,YES,0.07,3,0,30015,175,-1.6,0,565,3.86,6,1.965517241,"Microbial mat present in same location.
Pictures taken 
Lots of foaming, brown, sulfer smell",3,18.6,,NO,0,Bellingham
08/30/2024,Broadway St,266,13.2,80,07:44:00,,1,164,410.1,0,8,9.29,30,126,,0,Moderate,,100,0,0,5,0,0,0,,,2,7.54,0,YES,0.2,3,0,30102,175,3.2,,565,3.95,6,1.982758621,"yellow color, sulfer smell, foam",1,16.4,chlorine - yellow; nitrite and nitrate - gray,No,0,Bellingham
09/17/2024,Broadway St,33,25.1,80,12:19:00,,2,164,409.2,0,8,9.44,30,126,,0,Moderate,,100,0,0,0,0,0,0,0,0,1,7.25,0,YES,0.2,3,0,30115,175,-8.7,0,565,4.33,6,2,"yellow, sulfur; microbial mat similar location to previous months",0,16.4,,No,0,Bellingham
12/03/2020,C St,,7.78,,13:30:00,,,164,299.42,,8,6.47,30,126,,,Present,,,,,,0,,,,,2,7.13,0,YES,,,,BEL201203,175,1.62,,565,,6,2.015873016,,,9.4,,NO,,Bellingham
02/03/2021,C St,80,8.89,,,,1,164,3920,,8,10.17,30,126,,,Present,,,,,,0,,,,,2,7.34,0,YES,2.08,,,BEL210203,175,-0.79,,565,9,6,2.031746032,,0,8.1,,NO,,Bellingham
03/16/2021,C St,100,9.4,,,,0,164,611.6,,8,11.65,30,126,,,Present,,,,,,0,,,,,0,7.68,0,YES,0.3,,,BEL210316,175,-2,,565,9,6,2.047619048,,0,7.4,,NO,,Bellingham
04/15/2021,C St,60,20,,,,0,164,520.7,,8,,30,126,,,Present,,,,,,0,,,,,0,7.18,0,YES,0.25,,,BEL210415,175,-9.1,,565,9,6,2.063492063,,0,10.9,,NO,,Bellingham
05/11/2021,C St,120,17.3,,,,1,164,1289,,8,,30,126,,,Present,,,,,,0,,,,,0,7.23,0,YES,0.84,,,BEL210511,175,-3.7,,565,9,6,2.079365079,,0,13.6,,NO,,Bellingham
05/11/2021,C St,40,17.3,,,,1,164,1173,,8,,30,126,,,Present,,,,,,0,,,,,0,7.3,0,YES,0.76,,,BEL210511,175,-3.7,,565,9,6,2.095238095,,0,13.6,,NO,,Bellingham
06/08/2021,C St,40,22.1,,,,0,164,19660,,8,5.96,30,126,,,Present,,,,,,0,,,,,0,7.26,0,YES,11.75,,,BEL210608,175,-7.2,,565,9,6,2.111111111,,1,14.9,,NO,,Bellingham
06/08/2021,C St,40,22.1,,,,0,164,19610,,8,5.72,30,126,,,Present,,,,,,0,,,,,0,7.22,0,YES,11.72,,,BEL210608,175,-7.5,,565,9,6,2.126984127,,1,14.6,,NO,,Bellingham
07/06/2021,C St,240,22.2,,,,1,164,13789,,8,5.79,30,126,,,Present,,,,,,0,,,,,0,7.48,0,YES,8,,,BEL210706,175,-3.8,,565,9,6,2.142857143,,0,18.4,,NO,,Bellingham
08/11/2021,C St,260,22.3,,,,1,164,15377,,8,4.53,30,126,,,Present,,,,,,0,,,,,0,7.04,0,YES,8.99,,,BEL210811,175,-1.4,,565,9,6,2.158730159,,0,20.9,,NO,,Bellingham
09/07/2021,C St,160,22.8,,,,0,164,25338,,8,7.26,30,126,,,Present,,,,,,0,,,,,0,7.54,0,YES,15.49,,,BEL210907,175,-4.9,,565,9,6,2.174603175,,2,17.9,,NO,,Bellingham
09/07/2021,C St,180,22.8,,,,0,164,25340,,8,7.1,30,126,,,Present,,,,,,0,,,,,0,7.59,0,YES,15.5,,,BEL210907,175,-5,,565,9,6,2.19047619,,2,17.8,,NO,,Bellingham
10/04/2021,C St,300,14.2,,,,1,164,2444,,8,7.23,30,126,,,Present,,,,,,0,,,,,1,7.49,0,YES,1.27,,,BEL211004,175,0.7,,565,9,6,2.206349206,,2,14.9,,NO,,Bellingham
11/01/2021,C St,140,7.22,,,,0,164,1774,,8,7.96,30,126,,,Present,,,,,,0,,,,,2,7.43,0,YES,0.91,,,BEL211101,175,5.18,,565,9,6,2.222222222,,1,12.4,,NO,,Bellingham
12/01/2021,C St,1900,13.9,,,,0,164,200.8,,8,10.72,30,126,,,Present,,,,,,0,,,,,1,6.95,0,YES,0.1,,,BEL211201,175,-2.1,,565,9,6,2.238095238,,0,11.8,,NO,,Bellingham
01/13/2022,C St,560,5.5,,,,0,164,498.2,,8,10.7,30,126,,,Present,,,,,,0,,,,,2,7.2,0,YES,0.24,,,BEL220113,175,2.8,,565,9,6,2.253968254,,3,8.3,,NO,,Bellingham
02/24/2022,C St,2240,3,,,,1,164,5708,,8,10.71,30,126,,,Present,,,,,,0,,,,,0,7.17,0,YES,3.1,,,BEL220224,175,4,,565,9,6,2.26984127,,0,7,,NO,,Bellingham
03/24/2022,C St,40,15.2,,,,1,164,1654,,8,10.9,30,126,,,Present,,,,,,0,,,,,2,7.28,0,YES,0.84,,,BEL220324,175,-5.1,,565,9,6,2.285714286,,1,10.1,,NO,,Bellingham
04/18/2022,C St,760,13.7,,,,1,164,8794,,8,8.58,30,126,,,Present,,,,,,0,,,,,1,7.03,0,YES,4.92,,,BEL220418,175,-3.1,,565,9,6,2.301587302,,1,10.6,,NO,,Bellingham
05/18/2022,C St,460,12.2,,,,1,164,3034,,8,8.85,30,126,,,Present,,,,,,0,,,,,0,7.35,0,YES,1.59,,,BEL220518,175,0.1,,565,9,6,2.317460317,,2,12.3,,NO,,Bellingham
06/15/2022,C St,360,19.1,,,,1,164,3578,,8,8.17,30,126,,,Present,,,,,,0,,,,,0,8.35,0,YES,1.89,,,BEL220615,175,-4,,565,9,6,2.333333333,,1,15.1,,NO,,Bellingham
06/15/2022,C St,380,19.1,,,,1,164,3701,,8,8.07,30,126,,,Present,,,,,,0,,,,,0,7.85,0,YES,1.96,,,BEL220615,175,-4,,565,9,6,2.349206349,,1,15.1,,NO,,Bellingham
07/26/2022,C St,840,23.1,,,,0,164,19014,,8,5.31,30,126,,,Present,,,,,,0,,,,,0,7.63,0,YES,11.32,,,BEL220726,175,-2.5,,565,9,6,2.365079365,,2,20.6,,NO,,Bellingham
08/25/2022,C St,160,23.5,,,,0,164,17666,,8,6.72,30,126,,,Present,,,,,,0,,,,,1,7.28,0,YES,10.44,,,BEL220825,175,-3,,565,9,6,2.380952381,,2,20.5,,NO,,Bellingham
08/25/2022,C St,120,23.5,,,,0,164,17660,,8,6.71,30,126,,,Present,,,,,,0,,,,,1,7.25,0,YES,10.45,,,BEL220825,175,-2.8,,565,9,6,2.396825397,,2,20.7,,NO,,Bellingham
09/07/2022,C St,100,15.5,,,,0,164,42510,,8,4.87,30,126,,,Present,,,,,,0,,,,,0,7.05,0,YES,27.3,,,BEL220907,175,3.2,,565,9,6,2.412698413,,1,18.7,,NO,,Bellingham
10/04/2022,C St,0,13,,,,0,164,25975,,8,6.79,30,126,,,Present,,,,,,0,,,,,0,6.85,0,YES,15.91,,,BEL221004,175,3.1,,565,9,6,2.428571429,,2,16.1,,NO,,Bellingham
11/07/2022,C St,2400,1.1,,,,0,164,14684,,8,8.32,30,126,,,Present,,,,,,0,,,,,1,6.84,0,YES,8.55,,,BEL221107,175,9.9,,565,9,6,2.444444444,,1,11,,NO,,Bellingham
12/05/2022,C St,157,5.8,,,,0,164,6107,,8,11.25,30,126,,,Present,,,,,,0,,,,,1,7.24,0,YES,3.32,,,BEL221205,175,1,,565,9,6,2.46031746,,2,6.8,,NO,,Bellingham
01/03/2023,C St,20,4.8,,,,0,164,2132,,8,10.3,30,126,,,Present,,,,,,0,,,,,2,7.13,0,YES,1.18,,,BEL230103,175,3.1,,565,9,6,2.476190476,,2,7.9,,NO,,Bellingham
02/15/2023,C St,40,6.7,,,,1,164,596.6,,8,13.1,30,126,,,Present,,,,,,0,,,,,2,7.23,0,YES,0.29,,,BEL230215,175,-0.2,,565,9,6,2.492063492,,1,6.5,,NO,,Bellingham
03/14/2023,C St,500,10,,,,1,164,1175,,8,12.22,30,126,,,Present,,,,,,0,,,,,1,5.36,0,YES,0.59,,,BEL230314,175,-2.6,,565,9,6,2.507936508,,1,7.4,,NO,,Bellingham
04/11/2023,C St,2500,10,,,,2,164,1391,,8,10.33,30,126,2500,,Present,,,,,,0,,,,,1,7.45,0,YES,0.7,,,BEL230411,175,-0.7,,565,15,6,2.523809524,,1,9.3,,NO,,Bellingham
05/09/2023,C St,75,13,,,,0,164,3058,,8,,30,126,,,Present,,,,,,0,,,,,0,7.53,0,YES,1.6,,,BEL230509,175,0,,565,9,6,2.53968254,,1,13,,NO,,Bellingham
06/06/2023,C St,45,21.1,,,,0,164,21493,,8,,30,126,,,Present,,,,,,0,,,,,0,6.63,0,YES,12.95,,,BEL230606,175,-4.2,,565,9,6,2.555555556,,2,16.9,,NO,,Bellingham
07/18/2023,C St,140,23.7,,,,0,164,12621,,8,7.4,30,126,,,Present,,,,,,0,,,,,0,7.72,0,YES,7.27,,,BEL230718,175,-4.7,,565,1.94,6,2.571428571,,2,19,,NO,,Bellingham
08/01/2023,C St,110,18,,,,0,164,27559,,8,6.7,30,126,,,Present,,,,,,0,,,,,0,7.62,0,YES,16.98,,,BEL230801,175,1.5,,565,0,6,2.587301587,,2,19.5,,NO,,Bellingham
09/26/2023,C St,405,16.6,,11:02:00,,1,164,15458,,8,6.76,30,126,2295,,Moderate,,,,,,0,,,,,1,7.15,0,YES,9.06,,,BEL230926,175,-1.1,,565,1.7,6,2.603174603,,2,15.5,,NO,,Bellingham
09/26/2023,C St,460,16,,11:11:00,,1,164,15440,,8,6.77,30,126,2380,,Moderate,,,,,,0,,,,,1,7.19,0,YES,9.05,,,BEL230926,175,-0.5,,565,4.24,6,2.619047619,,2,15.5,,NO,,Bellingham
09/26/2023,C St,,,40,,,,164,,0,8,,30,126,,4,,,425,0,0,0,0,0,0,10,10,,,0,YES,,,2000,BEL230926,175,,0,565,,6,2.634920635,,,,Zinc test 2 = 5; Fluoride test 2 = 4,NO,5,Bellingham
09/26/2023,C St,,,0,,,,164,,0,8,,30,126,,0,,,250,0,0,5,0,0,0,10,1,,,0,YES,,,2000,BEL230926,175,,0,565,,6,2.650793651,,,,Lead test 2 = 0; ,NO,0,Bellingham
10/24/2023,C St,,9.9,,07:37:00,,1,164,3437,,8,9.39,30,126,350,,High,,,,,,0,,,,,0,7.37,0,YES,1.82,,,BEL231024,175,3.3,,565,5.1,6,2.666666667,,2,13.2,,NO,,Bellingham
10/24/2023,C St,,,40,,,,164,,0,8,,30,126,,0,,,50,0,0,0,0,0,0,0,0,,,0,YES,,,100,BEL231024,175,,0,565,,6,2.682539683,,,,,NO,0,Bellingham
11/13/2023,C St,160,7.1,,19:45:00,,1,164,8615,,8,8.7,30,126,,,Moderate,,,,,,0,,,,,1,7.05,0,YES,4.82,,,BEL231113,175,4.1,,565,0.48,6,2.698412698,,1,11.2,,NO,,Bellingham
11/13/2023,C St,,,120,,,,164,,0,8,,30,126,,4,,,250,0,0,0,0,0,0,0,0,,,0,YES,,,100,BEL231113,175,,0,565,,6,2.714285714,,,,Fluoride test 2 = 0,NO,0,Bellingham
12/13/2023,C St,50,10.6,,19:32:00,,1,164,10399,,8,9.7,30,126,5,,High,,,,,,0,,,,,3,6.37,0,YES,5.88,,,BEL231213,175,-1.4,,565,1.48,6,2.73015873,,1,9.2,,NO,,Bellingham
12/13/2023,C St,,7.3,,19:32:00,,1,164,10729,,8,9.51,30,126,,,High,,,,,,0,,,,,3,7.02,0,YES,6.09,,,BEL231213,175,2,,565,0,6,2.746031746,,1,9.3,,NO,,Bellingham
12/13/2023,C St,,,0,,,,164,,0,8,,30,126,,0,,,100,0,0,0,0,0,0,0,0,,,0,YES,,,1000,BEL231213,175,,0,565,,6,2.761904762,,,,done in the sample bottle the next morning,NO,0,Bellingham
12/13/2023,C St,,,40,,,,164,,0,8,,30,126,,0,,,100,0,0,0,0,0,0,0,0,,,0,YES,,,1000,BEL231213,175,,0,565,,6,2.777777778,,,,done in the sample bottle the next morning,NO,0,Bellingham
01/23/2024,C St,400,9.8,,19:47:00,,2,164,1573,,8,11.13,30,126,1610,,High,,,,,,0,,,,,3,6.57,0,YES,0.79,,,BEL240123,175,-3.5,,565,0.73,6,2.793650794,,0,6.3,,NO,,Bellingham
01/23/2024,C St,,,120,,,,164,,0,8,,30,126,,100,,,50,0,0,0,0,0,0,0,0,,,0,YES,,,0,BEL240123,175,,0,565,,6,2.80952381,,,,zinc:4 (might have meant 5),NO,,Bellingham
02/15/2024,C St,35,7.2,,15:13:00,,3,164,4234,,8,11.59,30,126,50,,High,,,,,,0,,,,,2,7.22,0,YES,2.25,,,BEL240215,175,0,,565,0.63,6,2.825396825,,1,7.2,,NO,,Bellingham
02/15/2024,C St,10,7.2,,15:13:00,,3,164,4575,,8,11.8,30,126,55,,High,,,,,,0,,,,,2,7.26,0,YES,2.44,,,BEL240215,175,0,,565,0,6,2.841269841,,1,7.2,,NO,,Bellingham
02/15/2024,C St,,,80,,,,164,,0,8,,30,126,,0,,,25,0,0,0,0,0,0,0,0,,,0,YES,,,0,BEL240215,175,,0,565,,6,2.857142857,,,,"originally thought 0.5 for chlorine because it was not white, but not pink tint. However, we realized the color of the box started out that way & confirmed with a distilled water sample.",NO,0,Bellingham
03/13/2024,C St,750,13.5,80,14:57:00,,2,164,806,0,8,12.47,30,126,675,0,High,,50,0,0,0,0,0,0,0,0,0,7.4,0,YES,0.4,,0,BEL240313,175,-6,0,565,3.15,6,2.873015873,,1,7.5,,NO,0,Bellingham
04/10/2024,C St,50,25,120,,,1,164,1505,0,8,9.31,30,126,150,0,High,,100,0,0,0,0,0,0,0,0,1,7.07,0,YES,0.76,,0,BEL240410,175,-14.8,0,565,0,6,2.888888889,color: yellow; odor: sulfur; microbial mat has expanded nearer to outfall,0,10.2,,NO,0,Bellingham
05/22/2024,C St,1264,18.2,120,,,1,164,851,0,8,8.81,30,126,,0,High,,250,0,0,0,0,0,0,0,0,0,6.68,0,YES,0.42,,0,BEL240522,175,-4.3,0,565,0.67,6,2.904761905,replicate Ecoli: 932 cfu/100ml; color: yellow; visual: slight foam; colonies rounded to nearest whole cfu,1,13.9,,NO,0,Bellingham
07/01/2024,C St,1166,24,80,09:54:00,,1,164,14102,0,8,7.07,30,126,,0,Moderate,,250,0,0,0,0,0,0,0,0,0,6.85,0,YES,8.2,3,0,30011,175,-6.9,0,565,0.69,6,2.920634921,"oily sheen/yellow
microbial mat present
photos taken",1,17.1,,NO,0,Bellingham
07/30/2024,C St,9999,21.3,80,08:44:00,,2,164,685,0,8,7.62,30,126,,0,Heavy,,100,0,0,0,0,0,0,0,0,1,6.56,0,YES,0.33,3,0,30015,175,-2.5,0,565,0,6,2.936507937,"microbial mat present, slightly closer to stormwater outfall
sulfer smell/yellow

E coli too numerous to count",1,18.8,,NO,0,Bellingham
07/30/2024,C St,9999,20.5,,08:44:00,too many to count,2,164,679,,8,7.82,30,126,,,Heavy,,,,,,0,,,,,1,7.1,0,YES,0.33,3,,30015,175,-1.8,,565,0,6,2.952380952,"Dupe
Yellow color, sulfer odor, slight foam.

Bacteria too numerous to count",1,18.7,,"No
Yes",,Bellingham
08/30/2024,C St,333,13.1,80,07:00:00,,2,164,3287,0.2,8,7.42,30,126,,0,Moderate,,250,0,0,5,0,0,0,,,2,7.32,0,YES,1.73,3,0,30102,175,4.4,,565,5.32,6,2.968253968,"Microbial mat/foam/sheen breaks apart, yellow color, sulfur smell",2,17.5,chlorine - yellow; nitrite and nitrate - gray,No,0,Bellingham
08/30/2024,C St,433,13.1,80,07:15:00,a little leakage,2,164,3337,0.2,8,7.56,30,126,,0,Moderate,,200,0,0,5,0,0,0,,,2,7.56,0,YES,1.76,3,0,30102,175,4.2,,565,5.56,6,2.984126984,"Microbial mat/foam/sheen breaks apart, yellow color, sulfur smell",2,17.3,chlorine - yellow; nitrite and nitrate - gray,No,0,Bellingham
09/17/2024,C St,67,22.3,80,11:39:00,,2,164,5789,0,8,8.03,30,126,,0,Trickle,"Although no 24hr rainfall, there has been significant rainfall recently, so flow was slightly lower than expected",250,0,0,0,0,0,0,0,0,2,7.47,0,YES,3.16,3,0,30115,175,-5.4,0,565,2.6,6,3,"yellow, sulfur, oily sheen, microbial mat moved closer to outflow",2,16.9,,No,0,Bellingham
08/14/2024,Cedar,0,18,40,07:23:00,,1,164,488.8,0,8,9.08,30,126,,0,Trickle,,50,0,0,0,0,0,0,0,0,0,8.23,0,YES,0.24,3,0,30054,175,0.6,0,565,6.58,6,3.5,clear yellow color,1,18.6,,No,0,Bellingham
08/14/2024,Cedar,0,18,40,07:23:00,,1,164,487.1,0,8,9.08,30,126,,0,Trickle,,50,0,0,0,0,0,0,0,0,0,8.25,0,YES,0.24,3,0,30054,175,0.6,0,565,4.97,6,4,clear yellow color,1,18.6,,"No
Yes",0,Bellingham
12/03/2020,Cedar St,,7.78,,13:30:00,,,164,502.4,,8,10.26,30,126,,,Present,,,,,,0,,,,,,8.06,0,YES,10.2,,,BEL201203,175,4.12,,565,,6,4.017857143,,,11.9,,NO,,Bellingham
02/03/2021,Cedar St,20,8.89,,11:00:00,,0,164,315,,8,11.46,30,126,,,Present,,,,,,0,,,,,0,7.79,0,YES,0.15,,,BEL210203,175,1.51,,565,9,6,4.035714286,,0,10.4,,NO,,Bellingham
03/16/2021,Cedar St,20,9.4,,,,0,164,539.9,,8,20.22,30,126,,,Present,,,,,,0,,,,,1,8.16,0,YES,0.26,,,BEL210316,175,1,,565,9,6,4.053571429,,0,10.4,,NO,,Bellingham
04/15/2021,Cedar St,120,20,,,,0,164,567.6,,8,,30,126,,,Present,,,,,,0,,,,,0,7.89,0,YES,0.28,,,BEL210415,175,-8.2,,565,9,6,4.071428571,,0,11.8,,NO,,Bellingham
05/11/2021,Cedar St,20,17.3,,,,0,164,460,,8,,30,126,,,Present,,,,,,0,,,,,0,8.11,0,YES,0.29,,,BEL210511,175,-4,,565,9,6,4.089285714,,0,13.3,,NO,,Bellingham
06/08/2021,Cedar St,20,22.1,,,,0,164,645,,8,10,30,126,,,Present,,,,,,0,,,,,0,8,0,YES,0.32,,,BEL210608,175,-7.3,,565,9,6,4.107142857,,0,14.8,,NO,,Bellingham
07/06/2021,Cedar St,20,22.2,,,,0,164,643,,8,9.6,30,126,,,Present,,,,,,0,,,,,0,8.39,0,YES,0.31,,,BEL210706,175,-4.9,,565,9,6,4.125,,0,17.3,,NO,,Bellingham
08/11/2021,Cedar St,40,22.3,,,,0,164,627,,8,10.03,30,126,,,Present,,,,,,0,,,,,0,8,0,YES,0.31,,,BEL210811,175,-3.2,,565,9,6,4.142857143,,0,19.1,,NO,,Bellingham
09/07/2021,Cedar St,60,22.8,,,,0,164,662,,8,10.15,30,126,,,Present,,,,,,0,,,,,0,8.07,0,YES,0.32,,,BEL210907,175,-4.8,,565,9,6,4.160714286,,0,18,,NO,,Bellingham
10/04/2021,Cedar St,160,14.2,,,,0,164,844,,8,9.31,30,126,,,Present,,,,,,0,,,,,0,8.14,0,YES,0.42,,,BEL211004,175,2.1,,565,9,6,4.178571429,,0,16.3,,NO,,Bellingham
11/01/2021,Cedar St,20,7.22,,,,0,164,498.2,,8,9.85,30,126,,,Present,,,,,,0,,,,,0,7.96,0,YES,0.24,,,BEL211101,175,6.68,,565,9,6,4.196428571,,0,13.9,,NO,,Bellingham
11/01/2021,Cedar St,60,7.22,,,,0,164,497.3,,8,9.86,30,126,,,Present,,,,,,0,,,,,0,8.01,0,YES,0.24,,,BEL211101,175,6.78,,565,9,6,4.214285714,,0,14,,NO,,Bellingham
12/01/2021,Cedar St,440,13.9,,,,0,164,143.6,,8,12.14,30,126,,,Present,,,,,,0,,,,,0,7.12,0,YES,0.07,,,BEL211201,175,-1.6,,565,9,6,4.232142857,,0,12.3,,NO,,Bellingham
01/13/2022,Cedar St,400,5.5,,,,0,164,439.3,,8,10.93,30,126,,,Present,,,,,,0,,,,,0,7.62,0,YES,0.21,,,BEL220113,175,5.4,,565,9,6,4.25,,0,10.9,,NO,,Bellingham
02/24/2022,Cedar St,260,3,,,,0,164,1361,,8,10.02,30,126,,,Present,,,,,,0,,,,,0,7.95,0,YES,0.68,,,BEL220224,175,6.5,,565,9,6,4.267857143,,0,9.5,,NO,,Bellingham
03/24/2022,Cedar St,20,15.2,,,,0,164,426.9,,8,11.19,30,126,,,Present,,,,,,0,,,,,0,8.13,0,YES,0.21,,,BEL220324,175,-3.4,,565,9,6,4.285714286,,0,11.8,,NO,,Bellingham
04/18/2022,Cedar St,500,13.7,,,,0,164,400.7,,8,10.34,30,126,,,Present,,,,,,0,,,,,0,7.42,0,YES,0.19,,,BEL220418,175,-1.6,,565,9,6,4.303571429,,0,12.1,,NO,,Bellingham
05/18/2022,Cedar St,640,12.2,,,,2,164,293.7,,8,10.33,30,126,,,Present,,,,,,0,,,,,0,7.71,0,YES,0.14,,,BEL220518,175,1.1,,565,13,6,4.321428571,,0,13.3,,NO,,Bellingham
06/15/2022,Cedar St,100,19.1,,,,1,164,498.6,,8,9.86,30,126,,,Present,,,,,,0,,,,,2,7.91,0,YES,0.24,,,BEL220615,175,-3.7,,565,13,6,4.339285714,,1,15.4,,NO,,Bellingham
07/26/2022,Cedar St,2480,23.1,,,,1,164,668,,8,9.89,30,126,,,Present,,,,,,0,,,,,0,8.01,0,YES,0.33,,,BEL220726,175,-5.1,,565,9,6,4.357142857,,0,18,,NO,,Bellingham
08/25/2022,Cedar St,900,23.5,,,,1,164,766,,8,9.81,30,126,,,Present,,,,,,0,,,,,0,8.04,0,YES,0.38,,,BEL220825,175,-4.7,,565,13,6,4.375,,0,18.8,,NO,,Bellingham
09/07/2022,Cedar St,400,15.5,,,,0,164,1123,,8,6.29,30,126,,,Present,,,,,,0,,,,,0,7.99,0,YES,0.56,,,BEL220907,175,2.7,,565,9,6,4.392857143,,0,18.2,,NO,,Bellingham
09/07/2022,Cedar St,1100,15.5,,,,0,164,1106,,8,6.16,30,126,,,Present,,,,,,0,,,,,0,8.03,0,YES,0.55,,,BEL220907,175,2.7,,565,9,6,4.410714286,,0,18.2,,NO,,Bellingham
10/04/2022,Cedar St,500,13,,,,0,164,731,,8,9.74,30,126,,,Present,,,,,,0,,,,,0,8.3,0,YES,0.36,,,BEL221004,175,3.2,,565,9,6,4.428571429,,0,16.2,,NO,,Bellingham
10/04/2022,Cedar St,100,13,,,,0,164,726,,8,9.7,30,126,,,Present,,,,,,0,,,,,0,8.2,0,YES,0.36,,,BEL221004,175,3.3,,565,9,6,4.446428571,,0,16.3,,NO,,Bellingham
11/07/2022,Cedar St,4300,1.1,,,,0,164,503.2,,8,9.88,30,126,,,Present,,,,,,0,,,,,1,7.77,0,YES,0.24,,,BEL221107,175,12.4,,565,9,6,4.464285714,,0,13.5,,NO,,Bellingham
12/05/2022,Cedar St,34,5.8,,,,0,164,567.8,,8,11.02,30,126,,,Present,,,,,,0,,,,,0,8.01,0,YES,0.28,,,BEL221205,175,4.7,,565,9,6,4.482142857,,0,10.5,,NO,,Bellingham
12/05/2022,Cedar St,38,5.8,,,,0,164,567.9,,8,11.01,30,126,,,Present,,,,,,0,,,,,0,8.02,0,YES,0.28,,,BEL221205,175,4.7,,565,9,6,4.5,,0,10.5,,NO,,Bellingham
01/03/2023,Cedar St,70,4.8,,,,1,164,616.9,,8,11.3,30,126,,,Present,,,,,,0,,,,,0,7.62,0,YES,0.3,,,BEL230103,175,6.5,,565,9,6,4.517857143,,0,11.3,,NO,,Bellingham
02/15/2023,Cedar St,13,6.7,,,,1,164,607.2,,8,12.02,30,126,,,Present,,,,,,0,,,,,1,7.48,0,YES,0.3,,,BEL230215,175,2.4,,565,19,6,4.535714286,,0,9.1,,NO,,Bellingham
03/14/2023,Cedar St,100,10,,,,1,164,558.6,,8,,30,126,,,Present,,,,,,0,,,,,0,6.65,0,YES,0.27,,,BEL230314,175,0.6,,565,9,6,4.553571429,,0,10.6,,NO,,Bellingham
04/12/2023,Cedar St,15,8,,,,1,164,960,,8,10.62,30,126,,,Present,,,,,,0,,,,,0,8.05,0,YES,0.48,,,BEL230412,175,3.8,,565,9,6,4.571428571,,1,11.8,,NO,,Bellingham
05/09/2023,Cedar St,5,13,,,,0,164,659,,8,,30,126,,,Present,,,,,,0,,,,,0,8.03,0,YES,0.32,,,BEL230509,175,0.7,,565,9,6,4.589285714,,0,13.7,,NO,,Bellingham
06/06/2023,Cedar St,45,21.1,,,,0,164,767,,8,,30,126,,,Present,,,,,,0,,,,,1,7.37,0,YES,0.38,,,BEL230606,175,-5.5,,565,9,6,4.607142857,,0,15.6,,NO,,Bellingham
07/18/2023,Cedar St,25,20.6,,,,0,164,757,,8,9.56,30,126,,,Present,,,,,,0,,,,,0,8.49,0,YES,0.37,,,BEL230718,175,-2.9,,565,8.74,6,4.625,,0,17.7,,NO,,Bellingham
08/01/2023,Cedar St,25,20,,,,1,164,849,,8,9.55,30,126,,,Present,,,,,,0,,,,,0,8.45,0,YES,0.42,,,BEL230801,175,-1.7,,565,6.61,6,4.642857143,,0,18.3,,NO,,Bellingham
08/01/2023,Cedar St,70,20,,,,1,164,840,,8,9.3,30,126,,,Present,,,,,,0,,,,,0,8.29,0,YES,0.41,,,BEL230801,175,-2,,565,5.51,6,4.660714286,,0,18,,NO,,Bellingham
09/26/2023,Cedar St,,15.1,,09:50:00,,1,164,489.6,,8,11.66,30,126,205,,Moderate,,,,,,0,,,,,0,8.04,0,YES,0.24,,,BEL230926,175,1.8,,565,0.6,6,4.678571429,,0,16.9,,NO,,Bellingham
09/26/2023,Cedar St,,,0,,,,164,,0,8,,30,126,,0,,,0,0,0,0,0,0,0,0,0,,,0,YES,,,0,BEL230926,175,,0,565,,6,4.696428571,,,,,NO,0,Bellingham
10/25/2023,Cedar St,,6.7,,09:09:00,,2,164,273.2,,8,9.94,30,126,1205,,High,,,,,,0,,,,,1,7.98,0,YES,0.13,,,BEL231025,175,5.9,,565,22.7,6,4.714285714,,0,12.6,,NO,,Bellingham
10/25/2023,Cedar St,,,80,,,,164,,0,8,,30,126,,0,,,25,0,0,0,0,0,0,0,0,,,0,YES,,,0,BEL231025,175,,0,565,,6,4.732142857,,,,,NO,0,Bellingham
11/20/2023,Cedar St,20,7.8,,06:34:00,,0,164,534.4,,8,10.9,30,126,15,,Moderate,,,,,,0,,,,,0,8.05,0,YES,0.26,,,BEL231120,175,4.5,,565,5.14,6,4.75,,0,12.3,,NO,,Bellingham
11/20/2023,Cedar St,,,80,,,,164,,0,8,,30,126,,4,,,50,0,0,0,0,0,0,0,0,,,0,YES,,,0,BEL231120,175,,0,565,,6,4.767857143,,,,Fluoride test 2 = 4,NO,0,Bellingham
12/09/2023,Cedar St,55,5.8,0,21:05:00,,1,164,104.1,0,8,12.11,30,126,160,0,Heavy,,0,0,0,0,0,0,0.002,0,0,1,7.22,0,YES,0.05,20,0,30053,175,1.5,0,565,19.44,6,4.785714286,yellow,0,7.3,Mercury test 2 = 0.002 ppm;  Zinc test 2 = 0,NO,10,Bellingham
12/09/2023,Cedar St,50,5.8,0,21:05:00,,1,164,114.8,0,8,11.87,30,126,325,0,Heavy,,0,0,0,0,0,0,0,0,0,1,7.26,0,YES,0.05,20,0,30053,175,1.8,0,565,24.9,6,4.803571429,yellow,0,7.6,,"NO
Yes",0,Bellingham
01/19/2024,Cedar St,75,6.5,,18:28:00,,1,164,0.4,,8,12.28,30,126,75,,Moderate,,,,,,0,,,,,0,6.75,0,YES,0,,,BEL240119,175,0.1,,565,36.7,6,4.821428571,,1,6.6,,NO,,Bellingham
01/19/2024,Cedar St,65,6.5,,18:33:00,,1,164,,,8,12.27,30,126,20,,Moderate,,,,,,0,,,,,0,6.71,0,YES,0.1,,,BEL240119,175,0.2,,565,36.9,6,4.839285714,,1,6.7,,NO,,Bellingham
01/19/2024,Cedar St,,,0,,,,164,,0,8,,30,126,,0,,,25,0,0,5,0,0,0,0,0,,,0,YES,,,250,BEL240119,175,,0,565,,6,4.857142857,,,,ran out of test strip -> no duplicate,NO,5,Bellingham
02/29/2024,Cedar St,200,6.2,,14:05:00,,1,164,470.9,,8,11.63,30,126,100,,Moderate,,,,,,0,,,,,0,7.92,0,YES,0.23,,,BEL240229,175,4,,565,0.5,6,4.875,,0,10.2,,NO,,Bellingham
02/29/2024,Cedar St,,,80,,,,164,,0,8,,30,126,,0,,,50,0,0,0,0,0,0,0,0,,,0,YES,,,0,BEL240229,175,,0,565,,6,4.892857143,,,,,NO,0,Bellingham
04/26/2024,Cedar St,167,14.5,0,,,1,164,463.7,0,8,9.95,30,126,,0,Moderate,,25,0,0,0,0,0,0,0,0,0,7.92,0,YES,0.22,,100,BEL240426,175,-1.7,0.5,565,6.89,6,4.910714286,color: yellow,0,12.8,,NO,5,Bellingham
05/24/2024,Cedar St,799,14,0,,,1,164,307.1,0,8,10.46,30,126,,0,Moderate,,50,0,0,0,0,0,0,0,0,0,7.77,0,YES,0.15,,0,BEL240524,175,1.1,0,565,4.11,6,4.928571429,color: brownish; visual: few floaters,1,15.1,,NO,0,Bellingham
05/24/2024,Cedar St,466,14,0,,,1,164,258.4,0,8,10.52,30,126,,0,Moderate,,50,0,0,0,0,0,0,0,0,0,7.73,0,YES,0.12,,0,BEL240524,175,1.1,0,565,8.56,6,4.946428571,duplicate; color: brownish; visual: few floaters,1,15.1,duplicate,"NO
Yes",0,Bellingham
06/12/2024,Cedar St,67,19,120,15:40:00,,2,164,533.4,0,8,10.4,30,126,,0,Moderate,,250,0,0,5,0,0,0,0,0,0,7.88,0,YES,0.26,3,0,20009,175,-3.2,0,565,7.36,6,4.964285714,color light brown,0,15.8,,NO,0,Bellingham
07/17/2024,Cedar St,67,24,0,08:48:00,,1,164,454.2,0,8,108.9,30,126,,0,Trickle,,100,0,0,5,0,0.05,0,0,0,0,8.32,0,YES,0.22,3,0,30013,175,-5.9,0,565,1.56,6,4.982142857,yellow,0,18.1,,NO,0,Bellingham
09/04/2024,Cedar St,33,22,0,12:09:00,,1,164,268.6,0,8,9.33,30,126,,0,Trickle,,0,0,0,0,0,0,0,0,0,0,7.83,0,YES,0.13,3,0,30108,175,-3.8,0.5,565,1.73,6,5,very light yellow,0,18.2,,No,0,Bellingham
02/03/2021,Cornwall St,20,8.89,,,,0,164,3207,,8,6.97,30,126,,,Present,,,,,,0,,,,,0,6.92,0,YES,1.67,,,BEL210203,175,-0.39,,565,9,6,5.01754386,,0,8.5,,NO,,Bellingham
03/16/2021,Cornwall St,20,9.4,,,,0,164,12121,,8,5.72,30,126,,,Present,,,,,,0,,,,,0,6.99,0,YES,6.94,,,BEL210316,175,-0.2,,565,9,6,5.035087719,,0,9.2,,NO,,Bellingham
04/15/2021,Cornwall St,20,20,,,,0,164,823.9,,8,,30,126,,,Present,,,,,,0,,,,,0,7.08,0,YES,4.6,,,BEL210415,175,-9.1,,565,9,6,5.052631579,,0,10.9,,NO,,Bellingham
05/11/2021,Cornwall St,20,17.3,,,,0,164,6764,,8,,30,126,,,Present,,,,,,0,,,,,0,7.12,0,YES,4.89,,,BEL210511,175,-4.1,,565,9,6,5.070175439,,0,13.2,,NO,,Bellingham
06/08/2021,Cornwall St,20,22.1,,,,0,164,6426,,8,6,30,126,,,Present,,,,,,0,,,,,0,6.99,0,YES,3.53,,,BEL210608,175,-6.7,,565,9,6,5.087719298,,0,15.4,,NO,,Bellingham
07/06/2021,Cornwall St,20,22.2,,,,0,164,6901,,8,5.17,30,126,,,Present,,,,,,0,,,,,0,7.08,0,YES,3.8,,,BEL210706,175,-3.4,,565,9,6,5.105263158,,0,18.8,,NO,,Bellingham
08/11/2021,Cornwall St,100,22.3,,,,0,164,6951,,8,5.05,30,126,,,Present,,,,,,0,,,,,0,7.01,0,YES,3.83,,,BEL210811,175,-1.6,,565,9,6,5.122807018,,0,20.7,,NO,,Bellingham
08/11/2021,Cornwall St,40,22.3,,,,0,164,6945,,8,4.92,30,126,,,Present,,,,,,0,,,,,0,7.03,0,YES,3.82,,,BEL210811,175,-1.7,,565,9,6,5.140350877,,0,20.6,,NO,,Bellingham
09/07/2021,Cornwall St,160,22.8,,,,0,164,5370,,8,5.98,30,126,,,Present,,,,,,0,,,,,0,7.3,0,YES,2.91,,,BEL210907,175,-3,,565,9,6,5.157894737,,0,19.8,,NO,,Bellingham
10/04/2021,Cornwall St,20,14.2,,,,0,164,3133,,8,5.36,30,126,,,Present,,,,,,0,,,,,0,7.29,0,YES,1.64,,,BEL211004,175,3.3,,565,9,6,5.175438596,,0,17.5,,NO,,Bellingham
11/01/2021,Cornwall St,60,7.22,,,,0,164,3116,,8,5.18,30,126,,,Present,,,,,,0,,,,,0,7.02,0,YES,1.64,,,BEL211101,175,6.88,,565,9,6,5.192982456,,0,14.1,,NO,,Bellingham
12/01/2021,Cornwall St,660,13.9,,,,1,164,263.4,,8,10.25,30,126,,,Present,,,,,,0,,,,,0,6.98,0,YES,0.13,,,BEL211201,175,-2.2,,565,13,6,5.210526316,,0,11.7,,NO,,Bellingham
01/13/2022,Cornwall St,200,5.5,,,,0,164,1505,,8,7.62,30,126,,,Present,,,,,,0,,,,,0,7.14,0,YES,0.76,,,BEL220113,175,3.6,,565,9,6,5.228070175,,0,9.1,,NO,,Bellingham
02/24/2022,Cornwall St,680,3,,,,0,164,7924,,8,7.01,30,126,,,Present,,,,,,0,,,,,0,7.31,0,YES,4.39,,,BEL220224,175,5.5,,565,9,6,5.245614035,,0,8.5,,NO,,Bellingham
03/24/2022,Cornwall St,260,15.2,,,,0,164,5928,,8,6.84,30,126,,,Present,,,,,,0,,,,,0,7.23,0,YES,3.23,,,BEL220324,175,-5.6,,565,9,6,5.263157895,,0,9.6,,NO,,Bellingham
03/24/2022,Cornwall St,220,15.2,,,,0,164,6557,,8,6.59,30,126,,,Present,,,,,,0,,,,,0,7.17,0,YES,3.59,,,BEL220324,175,-5.6,,565,9,6,5.280701754,,0,9.6,,NO,,Bellingham
04/18/2022,Cornwall St,180,13.7,,,,0,164,10105,,8,6.21,30,126,,,Present,,,,,,0,,,,,0,6.74,0,YES,5.72,,,BEL220418,175,-3.1,,565,9,6,5.298245614,,0,10.6,,NO,,Bellingham
04/18/2022,Cornwall St,100,13.7,,,,0,164,979,,8,6.51,30,126,,,Present,,,,,,0,,,,,0,6.85,0,YES,5.53,,,BEL220418,175,-3.2,,565,9,6,5.315789474,,0,10.5,,NO,,Bellingham
05/18/2022,Cornwall St,580,12.2,,,,0,164,1608,,8,3.81,30,126,,,Present,,,,,,0,,,,,0,6.92,0,YES,1.97,,,BEL220518,175,0.2,,565,9,6,5.333333333,,0,12.4,,NO,,Bellingham
06/15/2022,Cornwall St,120,19.1,,,,1,164,2317,,8,5.84,30,126,,,Present,,,,,,0,,,,,0,7.41,0,YES,1.2,,,BEL220615,175,-4.2,,565,9,6,5.350877193,,0,14.9,,NO,,Bellingham
07/26/2022,Cornwall St,0,23.1,,,,0,164,6938,,8,5.45,30,126,,,Present,,,,,,0,,,,,0,7.48,0,YES,3.83,,,BEL220726,175,-4.8,,565,9,6,5.368421053,,0,18.3,,NO,,Bellingham
08/25/2022,Cornwall St,20,23.5,,,,0,164,7895,,8,5.61,30,126,,,Present,,,,,,0,,,,,0,7.17,0,YES,4.39,,,BEL220825,175,-3.5,,565,9,6,5.385964912,,0,20,,NO,,Bellingham
09/07/2022,Cornwall St,100,15.5,,,,0,164,11776,,8,4.52,30,126,,,Present,,,,,,0,,,,,0,7.07,0,YES,6.74,,,BEL220907,175,4.2,,565,9,6,5.403508772,,0,19.7,,NO,,Bellingham
10/04/2022,Cornwall St,0,13,,,,0,164,8247,,8,5.78,30,126,,,Present,,,,,,0,,,,,0,7.09,0,YES,4.6,,,BEL221004,175,5.1,,565,9,6,5.421052632,,0,18.1,,NO,,Bellingham
11/07/2022,Cornwall St,900,1.1,,,,0,164,5426,,8,5.23,30,126,,,Present,,,,,,0,,,,,0,7.07,0,YES,2.95,,,BEL221107,175,12.9,,565,9,6,5.438596491,,0,14,,NO,,Bellingham
11/07/2022,Cornwall St,900,1.1,,,,0,164,5337,,8,4.94,30,126,,,Present,,,,,,0,,,,,0,7.11,0,YES,2.89,,,BEL221107,175,13,,565,9,6,5.456140351,,0,14.1,,NO,,Bellingham
12/05/2022,Cornwall St,18,5.8,,,,0,164,10640,,8,6.84,30,126,,,Present,,,,,,0,,,,,0,7.15,0,YES,6.04,,,BEL221205,175,5.1,,565,9,6,5.473684211,,0,10.9,,NO,,Bellingham
01/03/2023,Cornwall St,30,4.8,,,,0,164,3377,,8,6.62,30,126,,,Present,,,,,,0,,,,,0,7.1,0,YES,1.8,,,BEL230103,175,3.9,,565,9,6,5.49122807,,0,8.7,,NO,,Bellingham
02/15/2023,Cornwall St,21,6.7,,,,0,164,5452,,8,6.79,30,126,,,Present,,,,,,0,,,,,0,6.94,0,YES,2.45,,,BEL230215,175,2.6,,565,9,6,5.50877193,,0,9.3,,NO,,Bellingham
03/14/2023,Cornwall St,100,10,,,,0,164,7824,,8,8,30,126,,,Present,,,,,,0,,,,,0,5.65,0,YES,4.34,,,BEL230314,175,-1.5,,565,9,6,5.526315789,,0,8.5,,NO,,Bellingham
04/12/2023,Cornwall St,20,8,,,,0,164,12764,,8,6.16,30,126,60,,Present,,,,,,0,,,,,0,6.53,0,YES,7.34,,,BEL230412,175,2.3,,565,9,6,5.543859649,,0,10.3,,NO,,Bellingham
05/09/2023,Cornwall St,25,13,,,,0,164,15616,,8,,30,126,,,Present,,,,,,0,,,,,0,6.98,0,YES,9.15,,,BEL230509,175,-0.1,,565,9,6,5.561403509,,0,12.9,,NO,,Bellingham
06/06/2023,Cornwall St,10,21.1,,,,0,164,17912,,8,,30,126,,,Present,,,,,,0,,,,,0,6.55,0,YES,10.62,,,BEL230606,175,-4.6,,565,9,6,5.578947368,,0,16.5,,NO,,Bellingham
06/06/2023,Cornwall St,10,21.1,,,,0,164,17847,,8,,30,126,,,Present,,,,,,0,,,,,0,6.61,0,YES,10.58,,,BEL230606,175,-4.7,,565,9,6,5.596491228,,0,16.4,,NO,,Bellingham
07/18/2023,Cornwall St,50,21.8,,,,0,164,6365,,8,5.01,30,126,,,Present,,,,,,0,,,,,0,7.15,0,YES,6.96,,,BEL230718,175,-1.9,,565,0.14,6,5.614035088,,0,19.9,,NO,,Bellingham
08/01/2023,Cornwall St,55,18.7,,,,0,164,17309,,8,5.22,30,126,,,Present,,,,,,0,,,,,0,7.05,0,YES,10.23,,,BEL230801,175,1.4,,565,0,6,5.631578947,,0,20.1,,NO,,Bellingham
09/26/2023,Cornwall St,,15,,10:14:00,,0,164,27846,,8,7.01,30,126,85,,Moderate,,,,,,0,,,,,0,6.85,0,YES,17.18,,,BEL230926,175,2.1,,565,0,6,5.649122807,,0,17.1,,NO,,Bellingham
09/26/2023,Cornwall St,,,40,,,,164,,0,8,,30,126,,4,,,425,0,0,0,0,0,0,0,0,,,0,YES,,,1000,BEL230926,175,,0,565,,6,5.666666667,,,,Zinc test 2 = 0; Fluoride test 2 = 0; sodium chloride squares were grey,NO,5,Bellingham
10/25/2023,Cornwall St,,9.1,,08:35:00,,1,164,9628,,8,5.55,30,126,310,,Moderate,,,,,,0,,,,,0,6.97,0,YES,5.44,,,BEL231025,175,3.5,,565,2.4,6,5.684210526,,0,12.6,,NO,,Bellingham
10/25/2023,Cornwall St,,9.1,,09:00:00,,1,164,9618,,8,5.33,30,126,245,,Moderate,,,,,,0,,,,,0,6.98,0,YES,5.55,,,BEL231025,175,3.8,,565,1.34,6,5.701754386,,0,12.9,,NO,,Bellingham
10/25/2023,Cornwall St,,,80,,,,164,,0,8,,30,126,,0,,,200,0,0,0,0,0,0.002,0,0,,,0,YES,,,,BEL231025,175,,0,565,,6,5.719298246,,,,Mercury test 2 = 0; Zinc test 2 = 0; sodium chloride was brown - YSI measured salinity (ppt) = 5.44 and 5.55,NO,5,Bellingham
10/25/2023,Cornwall St,,,80,,,,164,,0,8,,30,126,,0,,,250,0,0,0,0,0,0.002,0,0,,,0,YES,,,,BEL231025,175,,0,565,,6,5.736842105,,,,Mercury test 2 = 0; Zinc test 2 = 0; sodium chloride was brown - YSI measured salinity (ppt) = 5.44 and 5.55; duplicate sample,NO,5,Bellingham
11/20/2023,Cornwall St,100,6.7,,06:05:00,,0,164,782.6,,8,4.84,30,126,15,,Moderate,,,,,,0,,,,,0,7.01,0,YES,4.35,,,BEL231120,175,6.2,,565,3.89,6,5.754385965,,0,12.9,,NO,,Bellingham
11/20/2023,Cornwall St,,,120,,,,164,,0,8,,30,126,,4,,,250,0,0,0,0,0,0,0,0,,,0,YES,,,,BEL231120,175,,0,565,,6,5.771929825,,,,Fluoride test 2 = 4; sodium chloride for test one was off the chart (brown) @ cornwall ,NO,0,Bellingham
12/09/2023,Cornwall St,5,9,40,20:32:00,,1,164,832,0,8,9.38,30,126,15,0,Heavy,,25,0,0,0,0,0,0.002,0,0,1,6.79,0,YES,0.41,20,100,30053,175,-1.6,0,565,63.8,6,5.789473684,yellow,1,7.4,,NO,0,Bellingham
01/19/2024,Cornwall St,5,6.8,,17:52:00,,2,164,,,8,12.08,30,126,15,,Moderate,,,,,,0,,,,,0,,0,YES,,,,BEL240119,175,-1.9,,565,28.1,6,5.807017544,,1,4.9,,NO,,Bellingham
01/19/2024,Cornwall St,,,40,,,,164,,0,8,,30,126,,0,,,50,0,0,5,0,0,0,0,0,,,0,YES,,,500,BEL240119,175,,0,565,,6,5.824561404,,,,,NO,10,Bellingham
02/29/2024,Cornwall St,2250,6.8,,13:46:00,,2,164,429.8,,8,8.98,30,126,3150,,Moderate,,,,,,0,,,,,0,7.12,0,YES,2.29,,,BEL240229,175,1.1,,565,15.21,6,5.842105263,,0,7.9,,NO,,Bellingham
02/29/2024,Cornwall St,,,120,,,,164,,0,8,,30,126,,0,,,100,0,0,0,0,0,0,0,0,,,0,YES,,,,BEL240229,175,,0,565,,6,5.859649123,,,,"sodium chloride strip brown, not on chart",NO,0,Bellingham
04/26/2024,Cornwall St,2031,14,,,,1,164,16245,,8,4.88,30,126,,,Moderate,,,,,,0,,,,,0,6.92,0,YES,9.54,,,BEL240426,175,-1.9,,565,4.86,6,5.877192982,color: yellow,0,12.1,,NO,,Bellingham
04/26/2024,Cornwall St,932,14,0,,,1,164,21059,0,8,8.75,30,126,,0,Moderate,,250,0,0,0,0,0,0,0,0,0,6.98,0,YES,12.6,,0,BEL240426,175,-2.1,0,565,1.62,6,5.894736842,color: yellow; duplicate,0,11.9,sodium chloride was off the charts (was light borwn grey,NO,10,Bellingham
05/24/2024,Cornwall St,300,14,0,,,2,164,1975,0,8,6.94,30,126,,0,Moderate,,250,0,0,0,0,0,0,0,0,0,7.17,0,YES,1.01,,100,BEL240524,175,0.1,0.5,565,6.92,6,5.912280702,color: brownish green,0,14.1,,NO,5,Bellingham
06/12/2024,Cornwall St,67,22,180,15:25:00,,1,164,5642,0.2,8,5.06,30,126,,0,Trickle,,425,0,0,5,0,0,0,0,0,0,7.04,0,YES,3.07,3,,20009,175,-6.9,0,565,2.47,6,5.929824561," light brown, few floaters
Sodium Chloride off charts",1,15.1,"chlorine grayish brown, off the chart",NO,0,Bellingham
07/17/2024,Cornwall St,200,23,0,08:24:00,,1,164,12283,0.2,8,53.3,30,126,,0,Trickle,,250,0,0,5,0,0,0,0,0,0,7.06,0,YES,7.06,3,0,30013,175,-3.7,0,565,603,6,5.947368421,yellow,0,19.3,,NO,0,Bellingham
07/17/2024,Cornwall St,33,23,0,08:24:00,,1,164,12103,0.25,8,54,30,126,,0,Trickle,,425,0,0,0,0,0,0,0,0,0,7.09,0,YES,6.95,3,,30013,175,-3.8,0,565,605,6,5.964912281,"Dupe
grayish/brownish",0,19.2,,"No
Yes",0,Bellingham
08/14/2024,Cornwall St,67,19,40,07:08:00,,1,164,12637,0,8,5.07,30,126,,0,Trickle,,250,0,0,0,0,0,0,0,0,0,7.3,0,YES,7.28,3,2000,30054,175,0.3,0.5,565,2.27,6,5.98245614,clear yellow color,1,19.3,sodium chloride off the chart >2000,No,0,Bellingham
09/04/2024,Cornwall St,0,22,0,11:45:00,,1,164,10825,0,8,5.02,30,126,,0,Trickle,,250,0,0,0,0,0,0,0,0,0,7.22,0,YES,6.16,3,,30108,175,-3.6,0,565,0.83,6,6,"green & brown, clear with dirt",0,18.4,brown grayish color/off chart for sodium chloride - took photo; this color only appears on the test strips for Cornwall,No,0,Bellingham
05/09/2024,G02-1001,,,,,,,164,,,8,,30,126,,,None,,,,,,0,,,,,,,0,YES,,,,12962,175,,,565,,6,7,,,,,NO,,Bellingham
05/09/2024,G05-1002,33,16,0,13:45:00,,0,164,392,0,8,11,30,126,,0,Moderate,,250,0,0,0,0,0,0,0,0,0,7.8,0,YES,0.2,,0,12962,175,-4,0,565,2.6,6,8,,0,12,,NO,0,Bellingham
05/09/2024,G06-1001,0,15,0,14:05:00,,0,164,295,0,8,12,30,126,,0,Trickle,,250,0,0,0,0,0,0,0,0,0,7.3,0,YES,0.1,,0,12962,175,-5,0,565,0,6,9,,0,10,,NO,0,Bellingham
05/09/2024,G11-1001,33,17,0,13:30:00,,1,164,257,0,8,11,30,126,,0,Moderate,,0,0,0,0,0,0,0,0,0,0,7,0,YES,0.1,,0,12962,175,-4,0,565,2.4,6,10,,0,13,,NO,0,Bellingham
04/21/2022,Little Squalicum Creek,40,13.2,,,,1,164,313.4,,8,10.56,30,126,,,Present,,,,,,0,,,,,0,7.58,0,YES,0.15,,,BEL220421,175,-2.9,,565,9,6,10.02857143,,0,10.3,,NO,,Bellingham
05/12/2022,Little Squalicum Creek,180,13.5,,,,0,164,327.5,,8,10.83,30,126,,,Present,,,,,,0,,,,,0,5.92,0,YES,0.16,,,BEL220512,175,-2.5,,565,9,6,10.05714286,,0,11,,NO,,Bellingham
06/16/2022,Little Squalicum Creek,200,16.1,,,,0,164,325.7,,8,10.07,30,126,,,Present,,,,,,0,,,,,0,7.39,0,YES,0.16,,,BEL220616,175,-3.4,,565,9,6,10.08571429,,0,12.7,,NO,,Bellingham
06/16/2022,Little Squalicum Creek,,16.1,,,,0,164,325.7,,8,10.07,30,126,,,Present,,,,,,0,,,,,0,7.39,0,YES,0.16,,,BEL220616,175,-3.4,,565,9,6,10.11428571,,0,12.7,,NO,,Bellingham
07/27/2022,Little Squalicum Creek,3200,20.1,,,,0,164,366.5,,8,10.74,30,126,,,Present,,,,,,0,,,,,0,7.76,0,YES,0.18,,,BEL220727,175,-5.1,,565,9,6,10.14285714,,0,15,,NO,,Bellingham
03/15/2023,Little Squalicum Creek,100,9,,,,0,164,324.8,,8,13.96,30,126,,,Present,,,,,,0,,,,,0,7.1,0,YES,0.16,,,BEL230315,175,1.6,,565,9,6,10.17142857,,0,10.6,,NO,,Bellingham
04/12/2023,Little Squalicum Creek,10,8,,,,0,164,302.7,,8,13.7,30,126,,,Present,,,,,,0,,,,,0,7.82,0,YES,0.15,,,BEL230412,175,5,,565,9,6,10.2,,0,13,,NO,,Bellingham
05/12/2023,Little Squalicum Creek,20,21,,,,0,164,333.1,,8,,30,126,,,Present,,,,,,0,,,,,0,7.81,0,YES,0.16,,,BEL230512,175,-5.5,,565,9,6,10.22857143,,0,15.5,,NO,,Bellingham
05/12/2023,Little Squalicum Creek,45,21,,,,0,164,331.8,,8,,30,126,,,Present,,,,,,0,,,,,0,7.58,0,YES,0.16,,,BEL230512,175,-5.3,,565,9,6,10.25714286,,0,15.7,,NO,,Bellingham
06/06/2023,Little Squalicum Creek,120,21.1,,,,0,164,328.5,,8,,30,126,,,Present,,,,,,0,,,,,0,7.19,0,YES,0.16,,,BEL230606,175,-4.9,,565,9,6,10.28571429,,0,16.2,,NO,,Bellingham
09/25/2023,Little Squalicum Creek,9999,16.4,,09:09:00,,1,164,126,,8,11.13,30,126,9999,,Moderate,,,,,,0,,,,,0,7.3,0,YES,0.06,,,BEL230925,175,-1.2,,565,3.55,6,10.31428571,,1,15.2,,NO,,Bellingham
10/11/2023,Little Squalicum Creek,,14.2,,08:35:00,,1,164,304.1,,8,7.42,30,126,9999,,Trickle,,,,,,0,,,,,0,7.21,0,YES,0.15,,,BEL231011,175,-1.4,,565,10.3,6,10.34285714,,1,12.8,,NO,,Bellingham
10/11/2023,Little Squalicum Creek,,,80,,,,164,,0,8,,30,126,,0,,,50,0,0,0,0,0,0,0,0,,,0,YES,,,0,BEL231011,175,,0,565,,6,10.37142857,,,,Zinc test 2 = 5 ppm,NO,5,Bellingham
11/07/2023,Little Squalicum Creek,,10.2,,07:00:00,,,164,154.8,,8,9.93,30,126,5,,Moderate,,,,,,0,,,,,0,7.18,0,YES,0.07,,,BEL231107,175,0.9,,565,10.48,6,10.4,,,11.1,,NO,,Bellingham
11/07/2023,Little Squalicum Creek,455,,,07:00:00,,,164,,,8,,30,126,,,Moderate,,,,,,0,,,,,,,0,YES,,,,BEL231107,175,,,565,,6,10.42857143,,,,,NO,,Bellingham
12/07/2023,Little Squalicum Creek,70,6.9,,20:19:00,,1,164,211.9,,8,11.06,30,126,225,,None,,,,,,0,,,,,0,7.29,0,YES,0.1,,,BEL231207,175,1.2,,565,6.8,6,10.45714286,,1,8.1,,NO,,Bellingham
12/07/2023,Little Squalicum Creek,,,40,,,,164,,0,8,,30,126,,0,,,100,0,0,0,0,0,0,0,0,,,0,YES,,,0,BEL231207,175,,0,565,,6,10.48571429,,,,,NO,0,Bellingham
01/05/2024,Little Squalicum Creek,45,8.4,,19:05:00,,1,164,283.2,,8,12.01,30,126,50,,Moderate,,,,,,0,,,,,0,6.88,0,YES,0.14,,,BEL240105,175,-0.1,,565,0.94,6,10.51428571,,0,8.3,,NO,,Bellingham
01/05/2024,Little Squalicum Creek,,,40,,,,164,,0,8,,30,126,,0,,,50,0,0,0,0,0,0,0,40,,,0,YES,,,0,BEL240105,175,,0,565,,6,10.54285714,,,,,NO,0,Bellingham
02/01/2024,Little Squalicum Creek,10,12.5,,15:56:00,,1,164,345.2,,8,11.45,30,126,35,,Moderate,,,,,,0,,,,,0,7.33,0,YES,0.17,,,BEL240201,175,-3.6,,565,2.21,6,10.57142857,,0,8.9,,NO,,Bellingham
02/01/2024,Little Squalicum Creek,,,0,,,,164,,0,8,,30,126,,0,,,250,0,0,0,0,0,0,0,0,,,0,YES,,,100,BEL240201,175,,0,565,,6,10.6,,,,,NO,0,Bellingham
03/11/2024,Little Squalicum Creek,0,10.3,,13:01:00,,1,164,287.3,,8,13.9,30,126,750,,Moderate,,,,,,0,,,,,0,7.06,0,YES,0.14,,,BEL240311,175,-2.3,,565,2.34,6,10.62857143,,0,8,,NO,,Bellingham
03/11/2024,Little Squalicum Creek,,9.1,,13:23:00,,1,164,283.2,,8,12.59,30,126,,,Moderate,,,,,,0,,,,,0,7.06,0,YES,0.14,,,BEL240311,175,-0.6,,565,2.39,6,10.65714286,,0,8.5,,NO,,Bellingham
03/11/2024,Little Squalicum Creek,,,40,,,,164,,0,8,,30,126,,0,,,425,0,0,0,0,0,0,0,0,,,0,YES,,,100,BEL240311,175,,0.5,565,,6,10.68571429,,,,,NO,0,Bellingham
03/11/2024,Little Squalicum Creek,,,40,,,,164,,0,8,,30,126,,0,,,25,0,0,0,0,0,0,0,0,,,0,YES,,,100,BEL240311,175,,0.5,565,,6,10.71428571,,,,,NO,5,Bellingham
03/13/2024,Little Squalicum Creek,0,5.5,,12:17:00,,2,164,,,8,,30,126,1000,,Moderate,,,,,,0,,,,,0,,0,YES,,,,BEL240313,175,0.6,,565,,6,10.74285714,,2,6.1,,NO,,Bellingham
04/08/2024,Little Squalicum Creek,50,9,40,11:00:00,,0,164,304.7,0,8,13.8,30,126,200,0,Moderate,,50,0,0.3,0,0,0,0,0,0,0,6.73,0,YES,0.15,,0,BEL240408,175,0.3,,565,5.53,6,10.77142857,visual: leaf litter; using YSI#4 - seems imprecise,1,9.3,,NO,0,Bellingham
05/09/2024,Little Squalicum Creek,33,12,,,,0,164,319.4,,8,10.11,30,126,,,Moderate,,,,,,0,,,,,0,6.83,0,YES,0.15,,,BEL240509,175,-0.6,,565,0,6,10.8,,0,11.4,,NO,,Bellingham
05/09/2024,Little Squalicum Creek,,,40,,,,164,,0,8,,30,126,,0,,,0,0,0,0,0,0,0,0,1,,,0,YES,,,100,BEL240509,175,,0,565,,6,10.82857143,,,,,NO,0,Bellingham
06/07/2024,Little Squalicum Creek,33,15,20,10:37:00,,0,164,335.4,0,8,10.51,30,126,,0,Moderate,,0,0,0,0,0,0,0,10,1,0,6.85,0,YES,0.16,3,50,20008,175,-2.6,0.5,565,,6,10.85714286,"Dog in creek, flatworm",0,12.4,,NO,0,Bellingham
06/07/2024,Little Squalicum Creek,111,15,40,10:50:00,"three 3ml duplicates were run: 33.3, 99.9, 198.8; average = 111 cfu/100ml; one additional 20ml duplicate was run = 35 cfu/100ml",0,164,332.6,0,8,10.2,30,126,,0,Moderate,,0,0,0,0,0,0,0,0,0,0,6.93,0,YES,0.16,3,0,20008,175,-2.7,,565,,6,10.88571429,"Dog in Creek, Fry, flatworm",0,12.3,chlorine color did not match,NO,0,Bellingham
07/04/2024,Little Squalicum Creek,167,16,40,10:30:00,,0,164,269,0,8,10.19,30,126,,0,Moderate,,100,0,0,0,0,0,0,0,0,0,6.86,0,YES,0.13,3,0,30012,175,-3.5,0,565,0,6,10.91428571,,0,12.5,,NO,0,Bellingham
08/03/2024,Little Squalicum Creek,133,24,40,11:45:00,,0,164,278,0,8,9.84,30,126,,0,Moderate,,100,0,0,0,0,0,0,0,0,0,6.81,0,YES,0.13,3,0,30016,175,-10.8,0.5,565,0,6,10.94285714,"leaf/litter
2"" salmon fry",1,13.2,,No,0,Bellingham
08/03/2024,Little Squalicum Creek,200,22.4,80,11:55:00,,0,164,277.1,0,8,10.3,30,126,,0,Moderate,,100,0,0,0,0,0,0,0,0,0,6.88,0,YES,0.13,,0,30016,175,-9.1,0,565,0,6,10.97142857,muddy-dogs,1,13.3,,"No
Yes",0,Bellingham
09/03/2024,Little Squalicum Creek,200,21,40,12:42:00,,0,164,323.1,0,8,9.97,30,126,,0,Moderate,,,0,0,0.25,0,0,0,0,0,0,6.44,0,YES,0.16,3,0,30107,175,-7.4,0.5,565,0,6,11,,0,13.6,color on the test strip for hardness is gray and doesn't match the colors on the bottle,No,0,Bellingham
02/03/2021,Olive St,940,8.89,,,,0,164,179.4,,8,11.5,30,126,,,Present,,,,,,0,,,,,0,7.38,0,YES,0.08,,,BEL210203,175,0.51,,565,9,6,11.01886792,,0,9.4,,NO,,Bellingham
03/16/2021,Olive St,460,9.4,,,,0,164,247.3,,8,12.29,30,126,,,Present,,,,,,0,,,,,0,8.19,0,YES,0.12,,,BEL210316,175,-0.5,,565,9,6,11.03773585,,0,8.9,,NO,,Bellingham
03/16/2021,Olive St,340,9.4,,,,0,164,250.3,,8,11.11,30,126,,,Present,,,,,,0,,,,,0,8,0,YES,0.12,,,BEL210316,175,-0.6,,565,9,6,11.05660377,,0,8.8,,NO,,Bellingham
04/15/2021,Olive St,2000,20,,,,0,164,255.1,,8,,30,126,,,Present,,,,,,0,,,,,0,7.31,0,YES,0.12,,,BEL210415,175,-9.2,,565,9,6,11.0754717,,0,10.8,,NO,,Bellingham
05/11/2021,Olive St,120,17.3,,,,0,164,198,,8,,30,126,,,Present,,,,,,0,,,,,0,8.02,0,YES,0.12,,,BEL210511,175,-4.4,,565,9,6,11.09433962,,0,12.9,,NO,,Bellingham
06/08/2021,Olive St,60,22.1,,,,0,164,270.7,,8,10.18,30,126,,,Present,,,,,,0,,,,,0,7.45,0,YES,0.13,,,BEL210608,175,-7.6,,565,9,6,11.11320755,,0,14.5,,NO,,Bellingham
07/06/2021,Olive St,20,22.2,,,,0,164,254,,8,9.71,30,126,,,Present,,,,,,0,,,,,0,7.76,0,YES,0.12,,,BEL210706,175,-4.6,,565,9,6,11.13207547,,0,17.6,,NO,,Bellingham
08/11/2021,Olive St,100,22.3,,,,0,164,263.6,,8,10.11,30,126,,,Present,,,,,,0,,,,,0,7.3,0,YES,0.13,,,BEL210811,175,-3.1,,565,9,6,11.1509434,,0,19.2,,NO,,Bellingham
09/07/2021,Olive St,240,22.8,,,,0,164,265,,8,10.34,30,126,,,Present,,,,,,0,,,,,0,7.7,0,YES,0.13,,,BEL210907,175,-4.9,,565,9,6,11.16981132,,0,17.9,,NO,,Bellingham
10/04/2021,Olive St,300,14.2,,,,0,164,213.4,,8,9.65,30,126,,,Present,,,,,,0,,,,,0,8.05,0,YES,0.1,,,BEL211004,175,1.7,,565,9,6,11.18867925,,0,15.9,,NO,,Bellingham
11/01/2021,Olive St,120,7.22,,,,0,164,231.5,,8,10.41,30,126,,,Present,,,,,,0,,,,,0,7.9,0,YES,0.11,,,BEL211101,175,5.58,,565,9,6,11.20754717,,0,12.8,,NO,,Bellingham
12/01/2021,Olive St,800,13.9,,,,0,164,95.7,,8,12.03,30,126,,,Present,,,,,,0,,,,,0,7.15,0,YES,0.04,,,BEL211201,175,-2.2,,565,9,6,11.22641509,,0,11.7,,NO,,Bellingham
01/13/2022,Olive St,80,5.5,,,,0,164,225,,8,11.79,30,126,,,Present,,,,,,0,,,,,0,7.6,0,YES,0.11,,,BEL220113,175,3.8,,565,9,6,11.24528302,,0,9.3,,NO,,Bellingham
02/24/2022,Olive St,180,3,,,,0,164,454.4,,8,11.99,30,126,,,Present,,,,,,0,,,,,0,8.11,0,YES,0.22,,,BEL220224,175,4.9,,565,9,6,11.26415094,,0,7.9,,NO,,Bellingham
03/24/2022,Olive St,160,15.2,,,,0,164,204.7,,8,12.7,30,126,,,Present,,,,,,0,,,,,0,7.48,0,YES,0.1,,,BEL220324,175,-5.4,,565,9,6,11.28301887,,0,9.8,,NO,,Bellingham
04/18/2022,Olive St,80,13.7,,,,0,164,232.4,,8,11.08,30,126,,,Present,,,,,,0,,,,,0,7.39,0,YES,0.11,,,BEL220418,175,-3.2,,565,9,6,11.30188679,,0,10.5,,NO,,Bellingham
05/18/2022,Olive St,120,12.2,,,,0,164,205.1,,8,10.74,30,126,,,Present,,,,,,0,,,,,0,7.8,0,YES,0.1,,,BEL220518,175,-0.3,,565,9,6,11.32075472,,0,11.9,,NO,,Bellingham
06/15/2022,Olive St,580,19.1,,,,0,164,213.8,,8,10.24,30,126,,,Present,,,,,,0,,,,,0,7.66,0,YES,0.1,,,BEL220615,175,-4.9,,565,9,6,11.33962264,,0,14.2,,NO,,Bellingham
07/26/2022,Olive St,660,23.1,,,,0,164,260.7,,8,10.01,30,126,,,Present,,,,,,0,,,,,0,7.59,0,YES,0.12,,,BEL220726,175,-5.1,,565,9,6,11.35849057,,0,18,,NO,,Bellingham
08/25/2022,Olive St,140,23.5,,,,2,164,140.5,,8,9.16,30,126,,,Present,,,,,,0,,,,,0,7.82,0,YES,0.07,,,BEL220825,175,-2.6,,565,240,6,11.37735849,,0,20.9,,NO,,Bellingham
09/07/2022,Olive St,0,15.5,,,,0,164,309.5,,8,6.55,30,126,,,Present,,,,,,0,,,,,0,7.71,0,YES,0.15,,,BEL220907,175,2.1,,565,9,6,11.39622642,,0,17.6,,NO,,Bellingham
10/04/2022,Olive St,400,13,,,,0,164,256.7,,8,9.82,30,126,,,Present,,,,,,0,,,,,0,8.29,0,YES,0.12,,,BEL221004,175,2.9,,565,9,6,11.41509434,,0,15.9,,NO,,Bellingham
11/07/2022,Olive St,700,1.1,,,,0,164,196.1,,8,10.56,30,126,,,Present,,,,,,0,,,,,0,8.13,0,YES,0.09,,,BEL221107,175,10.9,,565,9,6,11.43396226,,0,12,,NO,,Bellingham
12/05/2022,Olive St,0,5.8,,,,0,164,234,,8,12,30,126,,,Present,,,,,,0,,,,,0,8.25,0,YES,0.11,,,BEL221205,175,3.2,,565,9,6,11.45283019,,0,9,,NO,,Bellingham
01/03/2023,Olive St,80,4.8,,,,0,164,234.6,,8,11.9,30,126,,,Present,,,,,,0,,,,,0,7.73,0,YES,0.11,,,BEL230103,175,4.3,,565,9,6,11.47169811,,0,9.1,,NO,,Bellingham
02/15/2023,Olive St,153,6.7,,,,0,164,231.6,,8,12.9,30,126,,,Present,,,,,,0,,,,,0,7.56,0,YES,0.11,,,BEL230215,175,1.8,,565,9,6,11.49056604,,0,8.5,,NO,,Bellingham
03/14/2023,Olive St,300,10,,,,0,164,211.6,,8,12.88,30,126,,,Present,,,,,,0,,,,,0,6.69,0,YES,0.1,,,BEL230314,175,-1.3,,565,9,6,11.50943396,,0,8.7,,NO,,Bellingham
04/11/2023,Olive St,580,10,,,,0,164,220.9,,8,,30,126,50,,Present,,,,,,0,,,,,0,7.81,0,YES,0.11,,,BEL230411,175,-0.1,,565,9,6,11.52830189,,0,9.9,,NO,,Bellingham
05/09/2023,Olive St,100,13,,,,0,164,239.7,,8,,30,126,,,Present,,,,,,0,,,,,0,7.88,0,YES,0.11,,,BEL230509,175,-0.8,,565,9,6,11.54716981,,0,12.2,,NO,,Bellingham
06/06/2023,Olive St,300,21.1,,,,0,164,259.4,,8,,30,126,,,Present,,,,,,0,,,,,0,7.36,0,YES,0.12,,,BEL230606,175,-6,,565,9,6,11.56603774,,0,15.1,,NO,,Bellingham
07/18/2023,Olive St,250,22.5,,,,0,164,221.4,,8,9.45,30,126,,,Present,,,,,,0,,,,,0,8.3,0,YES,0.11,,,BEL230718,175,-4.8,,565,0,6,11.58490566,,0,17.7,,NO,,Bellingham
08/01/2023,Olive St,16,20.6,,,,0,164,255.9,,8,9.61,30,126,,,Present,,,,,,0,,,,,0,8.25,0,YES,0.12,,,BEL230801,175,-2.9,,565,0,6,11.60377358,,0,17.7,,NO,,Bellingham
09/27/2023,Olive St,,16.5,,10:45:00,,0,164,224.7,,8,7.74,30,126,1615,,Moderate,,,,,,0,,,,,0,7.95,0,YES,0.11,,,BEL230927,175,-0.2,,565,0,6,11.62264151,,0,16.3,,NO,,Bellingham
09/27/2023,Olive St,,15.4,,10:50:00,,0,164,224.1,,8,7.78,30,126,2210,,Moderate,,,,,,0,,,,,0,7.98,0,YES,0.11,,,BEL230927,175,0.8,,565,0.5,6,11.64150943,,0,16.2,,NO,,Bellingham
10/25/2023,Olive St,,5.5,,09:37:00,,0,164,208.8,,8,11.44,30,126,1130,,Moderate,,,,,,0,,,,,1,7.86,0,YES,0.1,,,BEL231025,175,7.6,,565,5.38,6,11.66037736,,0,13.1,,NO,,Bellingham
10/25/2023,Olive St,,,40,,,,164,,0,8,,30,126,,0,,,50,0,0,0,0,0,0,0,0,,,0,YES,,,0,BEL231025,175,,0,565,,6,11.67924528,,,,,NO,0,Bellingham
11/20/2023,Olive St,255,6,,07:12:00,,0,164,229.7,,8,11.23,30,126,170,,Moderate,,,,,,0,,,,,0,8,0,YES,0.11,,,BEL231120,175,5.3,,565,0.13,6,11.69811321,,0,11.3,,NO,,Bellingham
11/20/2023,Olive St,,6.6,,07:17:00,,,164,229.3,,8,11.22,30,126,,,Moderate,,,,,,0,,,,,,8,0,YES,0.11,,,BEL231120,175,4.6,,565,0,6,11.71698113,,,11.2,,NO,,Bellingham
11/20/2023,Olive St,,,0,,,,164,,0,8,,30,126,,0,,,50,0,0,0,0,0,0,0,0,,,0,YES,,,0,BEL231120,175,,0,565,,6,11.73584906,,,,,NO,0,Bellingham
12/09/2023,Olive St,750,6.8,0,21:32:00,,1,164,139.2,0,8,11.75,30,126,380,0,Heavy,,0,0,0,0,0,0,0.002,0,0,0,7.31,0,YES,0.07,20,0,30053,175,2,0,565,11,6,11.75471698,yellowish,0,8.8,Mercury test 2 = 0.002 ppm,NO,0,Bellingham
01/19/2024,Olive St,580,5.2,,18:51:00,,1,164,0,,8,13.18,30,126,25,,Moderate,,,,,,0,,,,,0,6.78,0,YES,0,,,BEL240119,175,0.3,,565,7.33,6,11.77358491,,1,5.5,,NO,,Bellingham
01/19/2024,Olive St,,,0,,,,164,,0,8,,30,126,,0,,,25,0,0,0,0,0,0,0,0,,,0,YES,,,0,BEL240119,175,,0,565,,6,11.79245283,,,,ran out of test strip -> no duplicate,NO,5,Bellingham
02/29/2024,Olive St,350,7.9,,12:35:00,,0,164,190.2,,8,12.12,30,126,300,,High,,,,,,0,,,,,0,7.77,0,YES,0.09,,,BEL240229,175,1.1,,565,4.28,6,11.81132075,,0,9,,NO,,Bellingham
02/29/2024,Olive St,,7.8,,14:40:00,,,164,189.8,,8,11.65,30,126,,,High,,,,,,0,,,,,,7.73,0,YES,0.09,,,BEL240229,175,1.2,,565,2.72,6,11.83018868,,,9,,NO,,Bellingham
02/29/2024,Olive St,,,0,,,,164,,0,8,,30,126,,0,,,0,0,0,0,0,0,0,0,0,,,0,YES,,,0,BEL240229,175,,,565,,6,11.8490566,,,,"chlorine yellow, not on chart",NO,0,Bellingham
04/26/2024,Olive St,1132,15,40,,,0,164,215.5,0,8,10.43,30,126,,4,Moderate,,50,0,0,0,0,0,0,0,0,0,7.72,0,YES,0.1,,0,BEL240426,175,-3.5,0,565,0,6,11.86792453,,0,11.5,,NO,5,Bellingham
05/24/2024,Olive St,1765,14,40,,,1,164,170.6,0,8,11.02,30,126,,0,Moderate,,50,0,0,0,0,0,0,0,0,0,7.76,0,YES,0.08,,0,BEL240524,175,-0.4,0,565,1.12,6,11.88679245,color: yellowish; visual: few floaters,1,13.6,,NO,0,Bellingham
06/12/2024,Olive St,266,20,0,16:04:00,,0,164,252.3,0,8,10.99,30,126,,0,Trickle,,100,0,0,0,0,0,0,0,0,0,8.02,0,YES,0.12,3,0,20009,175,-5.6,0,565,0,6,11.90566038,,0,14.4,,NO,0,Bellingham
06/12/2024,Olive St,100,20,0,16:05:00,,0,164,251.2,0,8,11,30,126,,0,Trickle,,0,0,0,0,0,0,0,0,0,0,8.04,0,YES,0.12,3,0,20009,175,-5.7,0,565,0,6,11.9245283,,0,14.3,,"NO
Yes",0,Bellingham
07/17/2024,Olive St,433,21,0,09:19:00,,0,164,195.6,0.2,8,103,30,126,,0,Trickle,,25,0,0,0,0,0,0,0,0,0,7.9,0,YES,0.09,3,0,30013,175,-3.6,0.5,565,4.34,6,11.94339623,,0,17.4,,NO,0,Bellingham
08/14/2024,Olive St,266,18,0,08:04:00,,0,164,213.6,0,8,9.15,30,126,,0,Trickle,,50,0,0,0,0,0,0,0,0,0,8.15,0,YES,0.1,3,0,30054,175,0.3,0,565,0,6,11.96226415,,0,18.3,,No,0,Bellingham
09/04/2024,Olive St,266,22,80,12:33:00,,0,164,250,0,8,9.55,30,126,,0,Trickle,,0,0,0,0,0,0,0,0,0,0,8.21,0,YES,0.12,3,0,30108,175,-4.5,0.5,565,0,6,11.98113208,,0,17.5,,No,0,Bellingham
09/04/2024,Olive St,466,22,0,12:33:00,,0,164,250.1,0,8,9.7,30,126,,0,Trickle,,0,0,0,0,0,0,0,0,0,0,8.19,0,YES,0.12,3,0,30108,175,-4.5,0.5,565,0,6,12,,0,17.5,,"No
Yes",0,Bellingham
04/21/2022,Padden Creek,200,13.2,,,,1,164,288.4,,8,12.2,30,126,,,Present,,,,,,0,,,,,0,7.77,0,YES,0.14,,,BEL220421,175,-4.2,,565,9,6,12.02380952,,1,9,,NO,,Bellingham
05/12/2022,Padden Creek,520,13.5,,,,1,164,166.4,,8,11.32,30,126,,,Present,,,,,,0,,,,,0,6.82,0,YES,0.08,,,BEL220512,175,-2.5,,565,9,6,12.04761905,,0,11,,NO,,Bellingham
06/16/2022,Padden Creek,1280,16.1,,,,1,164,198,,8,9.39,30,126,,,Present,,,,,,0,,,,,0,7.5,0,YES,0.09,,,BEL220616,175,-1.1,,565,9,6,12.07142857,,1,15,,NO,,Bellingham
07/27/2022,Padden Creek,260,20.1,,,,0,164,958,,8,10.49,30,126,,,Present,,,,,,0,,,,,0,7.47,0,YES,0.47,,,BEL220727,175,-0.8,,565,9,6,12.0952381,,0,19.3,,NO,,Bellingham
08/15/2022,Padden Creek,520,23.3,,,,0,164,788,,8,10.31,30,126,,,Present,,,,,,0,,,,,0,7.79,0,YES,0.39,,,BEL220815,175,-4.3,,565,9,6,12.11904762,,0,19,,NO,,Bellingham
09/06/2022,Padden Creek,200,14.6,,,,0,164,3476,,8,7.85,30,126,,,Present,,,,,,0,,,,,0,7.17,0,YES,1.84,,,BEL220906,175,0.1,,565,9,6,12.14285714,,0,14.7,,NO,,Bellingham
10/04/2022,Padden Creek,100,13,,,,0,164,2328,,8,9.8,30,126,,,Present,,,,,,0,,,,,0,7.69,0,YES,1.2,,,BEL221004,175,-0.2,,565,9,6,12.16666667,,0,12.8,,NO,,Bellingham
11/07/2022,Padden Creek,1000,1.1,,,,1,164,307.9,,8,11.88,30,126,,,Present,,,,,,0,,,,,0,8.33,0,YES,0.15,,,BEL221107,175,6,,565,9,6,12.19047619,,0,7.1,,NO,,Bellingham
12/05/2022,Padden Creek,120,5.6,,,,0,164,233.8,,8,13.85,30,126,,,Present,,,,,,0,,,,,0,8.45,0,YES,0.11,,,BEL221205,175,-2.1,,565,9,6,12.21428571,,0,3.5,,NO,,Bellingham
01/03/2023,Padden Creek,190,4.8,,,,1,164,158.1,,8,12.5,30,126,,,Present,,,,,,0,,,,,0,8.1,0,YES,0.08,,,BEL230103,175,0.2,,565,9,6,12.23809524,,0,5,,NO,,Bellingham
01/03/2023,Padden Creek,120,4.8,,,,1,164,159.7,,8,13.21,30,126,,,Present,,,,,,0,,,,,0,7.89,0,YES,0.08,,,BEL230103,175,0.1,,565,9,6,12.26190476,,0,4.9,,NO,,Bellingham
02/15/2023,Padden Creek,21,6.7,,,,1,164,183.7,,8,14.07,30,126,,,Present,,,,,,0,,,,,0,7.48,0,YES,0.09,,,BEL230215,175,-1.4,,565,9,6,12.28571429,,1,5.3,,NO,,Bellingham
03/15/2023,Padden Creek,100,9,,,,1,164,195.9,,8,13.63,30,126,,,Present,,,,,,0,,,,,0,7.16,0,YES,0.09,,,BEL230315,175,-1.9,,565,9,6,12.30952381,,0,7.1,,NO,,Bellingham
04/11/2023,Padden Creek,120,10,,,,1,164,189.8,,8,13.04,30,126,15,,Present,,,,,,0,,,,,0,8.2,0,YES,0.09,,,BEL230411,175,-1.1,,565,9,6,12.33333333,,0,8.9,,NO,,Bellingham
05/12/2023,Padden Creek,110,21,,,,1,164,231.2,,8,,30,126,,,Present,,,,,,0,,,,,0,7.35,0,YES,0.11,,,BEL230512,175,-5.6,,565,9,6,12.35714286,,1,15.4,,NO,,Bellingham
06/06/2023,Padden Creek,620,21.1,,,,0,164,2505,,8,,30,126,,,Present,,,,,,0,,,,,0,7.48,0,YES,1.3,,,BEL230606,175,-7.1,,565,9,6,12.38095238,,0,14,,NO,,Bellingham
07/19/2023,Padden Creek,515,22.2,,,,1,164,2806,,8,9.04,30,126,,,Present,,,,,,0,,,,,0,7.85,0,YES,1.46,,,BEL230719,175,-3.6,,565,2.04,6,12.4047619,,0,18.6,,NO,,Bellingham
08/02/2023,Padden Creek,470,21.6,,,,1,164,3983,,8,8.91,30,126,,,Present,,,,,,0,,,,,0,7.72,0,YES,2.12,,,BEL230802,175,-3.7,,565,1.33,6,12.42857143,,0,17.9,,NO,,Bellingham
09/27/2023,Padden Creek,,16.3,,09:45:00,,1,164,867,,8,8.4,30,126,175,,Present,,,,,,0,,,,,0,7.51,0,YES,0.43,,,BEL230927,175,-3,,565,0,6,12.45238095,,1,13.3,,NO,,Bellingham
10/26/2023,Padden Creek,,6.1,,08:45:00,,1,164,339.1,,8,10.83,30,126,340,,Present,,,,,,0,,,,,0,7.85,0,YES,0.16,,,BEL231026,175,0.1,,565,2.5,6,12.47619048,,0,6.2,,NO,,Bellingham
10/26/2023,Padden Creek,,4,,09:14:00,,1,164,392.6,,8,11.1,30,126,1024,,Present,,,,,,0,,,,,0,7.83,0,YES,0.19,,,BEL231026,175,2.9,,565,0.52,6,12.5,,0,6.9,,NO,,Bellingham
10/26/2023,Padden Creek,,,40,,,,164,,0,8,,30,126,,0,,,0,0,0,0,0,0,0,0,0,,,0,YES,,,0,BEL231026,175,,0,565,,6,12.52380952,,,,,NO,0,Bellingham
10/26/2023,Padden Creek,,,40,,,,164,,0,8,,30,126,,0,,,0,0,0,0,0,0,0,0,0,,,0,YES,,,0,BEL231026,175,,0,565,,6,12.54761905,,,,duplicate sample,NO,0,Bellingham
11/22/2023,Padden Creek,115,14.8,,17:10:00,,1,164,251.9,,8,10.3,30,126,990,,High,,,,,,0,,,,,0,7.87,0,YES,0.12,,,BEL231122,175,-6.3,,565,5.86,6,12.57142857,,0,8.5,,NO,,Bellingham
11/22/2023,Padden Creek,,,120,,,,164,,0,8,,30,126,,0,,,50,0,0,0,0,0,0,0,0,,,0,YES,,,0,BEL231122,175,,0,565,,6,12.5952381,,,,,NO,0,Bellingham
12/13/2023,Padden Creek,20,8.7,,19:37:00,,1,164,,,8,9.18,30,126,25,,High,,,,,,0,,,,,0,6.9,0,YES,0.07,,,BEL231213,175,-1.7,,565,6.06,6,12.61904762,,0,7,,NO,,Bellingham
12/13/2023,Padden Creek,,8.7,,19:37:00,,1,164,,,8,9.19,30,126,,,High,,,,,,0,,,,,0,7.25,0,YES,0.07,,,BEL231213,175,-1.7,,565,8.35,6,12.64285714,,0,7,,NO,,Bellingham
12/13/2023,Padden Creek,,,40,,,,164,,0,8,,30,126,,0,,,25,0,0,0,0,0,0,0,0,,,0,YES,,,0,BEL231213,175,,0,565,,6,12.66666667,,,,,NO,0,Bellingham
12/13/2023,Padden Creek,,,40,,,,164,,0,8,,30,126,,0,,,0,0,0,0,0,0,0,0,0,,,0,YES,,,0,BEL231213,175,,0,565,,6,12.69047619,,,,,NO,0,Bellingham
01/08/2024,Padden Creek,150,9.9,,18:41:00,,3,164,130.4,,8,9.63,30,126,360,,High,,,,,,0,,,,,0,5.89,0,YES,0.06,,,BEL240108,175,-4.6,,565,30.6,6,12.71428571,,0,5.3,,NO,,Bellingham
01/08/2024,Padden Creek,210,9.9,,18:52:00,,3,164,123.3,,8,9.8,30,126,600,,High,,,,,,0,,,,,0,7.04,0,YES,0.06,,,BEL240108,175,-4.3,,565,31.1,6,12.73809524,,0,5.6,,NO,,Bellingham
01/08/2024,Padden Creek,,,80,,,,164,,0,8,,30,126,,0,,,0,0,0,0,0,0,0,0,0,,,0,YES,,,0,BEL240108,175,,0,565,,6,12.76190476,,,,,NO,0,Bellingham
01/08/2024,Padden Creek,,,0,,,,164,,0,8,,30,126,,0,,,25,0,0,0,0,0,0,0,0,,,0,YES,,,0,BEL240108,175,,0,565,,6,12.78571429,,,,Duplicate,NO,0,Bellingham
02/07/2024,Padden Creek,40,10.37,,18:40:00,,0,164,191.6,,8,13.27,30,126,5,,Moderate,,,,,,0,,,,,0,6.54,0,YES,0.09,,,BEL240207,175,-4.17,,565,0,6,12.80952381,,0,6.2,,NO,,Bellingham
02/07/2024,Padden Creek,,,0,,,,164,,0.2,8,,30,126,,0,,,0,0,0,0,0,0,0,10,0,,,0,YES,,,0,BEL240207,175,,0.5,565,,6,12.83333333,,,,,NO,0,Bellingham
03/18/2024,Padden Creek,0,16.6,40,18:20:00,,1,164,160.3,0,8,13.1,30,126,50,0,Moderate,,0,0,0,0,0,0,0,0,0,1,6.94,0,YES,0.08,,0,BEL240318,175,-7.2,0.5,565,0,6,12.85714286,,0,9.4,,NO,0,Bellingham
04/15/2024,Padden Creek,50,17.5,0,,,1,164,194.9,0,8,11.45,30,126,400,0,Moderate,,0,0,0,0,0,0,0,0,0,0,6.25,0,YES,0.09,,0,BEL240415,175,-6.7,0,565,0,6,12.88095238,faint patch of blue on the Entero card for Padden Creek - unable to count as colonies but thought it was worth to note,0,10.8,,NO,0,Bellingham
05/15/2024,Padden Creek,799,19.3,40,,,1,164,200,0,8,9.6,30,126,,0,High,,0,0,0,0,0,0,0,0,0,0,7.2,0,YES,0.1,,0,BEL240515,175,-4.3,0,565,4.35,6,12.9047619,color: faint brown,0,15,,NO,0,Bellingham
06/25/2024,Padden Creek,600,16.1,40,17:50:00,,1,164,220,0,8,8.07,30,126,,0,Heavy,,0,0,0,0,0,0,0,0,0,0,6.72,0,YES,0.8,3,0,20014,175,0.6,0,565,0.88,6,12.92857143,color tan,0,16.7,,NO,0,Bellingham
07/23/2024,Padden Creek,633,22.7,40,09:35:00,,1,164,325.9,0,8,7.69,30,126,,0,Moderate,,0,0,0,0,0,0,0,60,0,0,7.42,0,YES,1.71,3,0,30014,175,-6.1,0,565,8.63,6,12.95238095,faint yellow,0,16.6,,NO,0,Bellingham
08/06/2024,Padden Creek,533,23.1,120,12:45:00,,1,164,1057,0,8,9.74,30,126,,0,Moderate,,0,0,0,0,0,0,0,0,0,0,7.37,0,YES,0.53,3,0,30017,175,-6.6,0,565,,6,12.97619048,greenish/grass,1,16.5,,No,0,Bellingham
09/16/2024,Padden Creek,200,20,0,10:05:00,,1,164,522.4,0,8,9.21,30,126,,0,Moderate,,6,0,0,0,0,0,0,0,0,0,7.1,0,YES,0.25,3,0,30112,175,-6.2,0,565,0,6,13,yellowish,0,13.8,,No,0,Bellingham
02/03/2021,Squalicum Creek,20,8.89,,11:30:00,,3,164,104.9,,8,13.4,30,126,,,Present,,,,,,0,,,,,0,7.95,0,YES,0.05,,,BEL210203,175,-3.69,,565,24,6,13.01666667,,1,5.2,,NO,,Bellingham
03/16/2021,Squalicum Creek,20,9.4,,,,1,164,204.2,,8,9.57,30,126,,,Present,,,,,,0,,,,,0,7.64,0,YES,0.1,,,BEL210316,175,-3.6,,565,9,6,13.03333333,,1,5.8,,NO,,Bellingham
04/15/2021,Squalicum Creek,20,20,,,,1,164,233.2,,8,,30,126,,,Present,,,,,,0,,,,,0,7.25,0,YES,0.11,,,BEL210415,175,-9.8,,565,9,6,13.05,,2,10.2,,NO,,Bellingham
05/11/2021,Squalicum Creek,20,17.3,,,,0,164,284.8,,8,,30,126,,,Present,,,,,,0,,,,,0,7.51,0,YES,0.14,,,BEL210511,175,-2.3,,565,9,6,13.06666667,,1,15,,NO,,Bellingham
06/08/2021,Squalicum Creek,280,22.1,,,,0,164,375.5,,8,10.63,30,126,,,Present,,,,,,0,,,,,0,7.3,0,YES,0.18,,,BEL210608,175,-6.4,,565,9,6,13.08333333,,1,15.7,,NO,,Bellingham
07/06/2021,Squalicum Creek,280,22.2,,,,0,164,1130,,8,12.1,30,126,,,Present,,,,,,0,,,,,0,7.77,0,YES,0.56,,,BEL210706,175,-4.5,,565,9,6,13.1,,0,17.7,,NO,,Bellingham
08/11/2021,Squalicum Creek,160,22.3,,,,0,164,7005,,8,7.7,30,126,,,Present,,,,,,0,,,,,0,6.84,0,YES,3.87,,,BEL210811,175,-4.4,,565,9,6,13.11666667,,0,17.9,,NO,,Bellingham
09/07/2021,Squalicum Creek,180,22.8,,,,0,164,4184,,8,9.84,30,126,,,Present,,,,,,0,,,,,0,7.53,0,YES,2.24,,,BEL210907,175,-8.6,,565,9,6,13.13333333,,0,14.2,,NO,,Bellingham
10/04/2021,Squalicum Creek,40,14.2,,,,0,164,273.4,,8,10.65,30,126,,,Present,,,,,,0,,,,,0,7.28,0,YES,0.17,,,BEL211004,175,-0.4,,565,9,6,13.15,,0,13.8,,NO,,Bellingham
11/01/2021,Squalicum Creek,300,7.22,,,,1,164,199,,8,12.26,30,126,,,Present,,,,,,0,,,,,0,7.83,0,YES,0.09,,,BEL211101,175,-0.82,,565,9,6,13.16666667,,1,6.4,,NO,,Bellingham
12/01/2021,Squalicum Creek,1000,13.9,,,,2,164,96.4,,8,11.82,30,126,,,Present,,,,,,0,,,,,0,7.04,0,YES,0.04,,,BEL211201,175,-3.1,,565,17,6,13.18333333,,0,10.8,,NO,,Bellingham
01/13/2022,Squalicum Creek,220,5.5,,,,1,164,126.2,,8,14.13,30,126,,,Present,,,,,,0,,,,,0,8.63,0,YES,0.06,,,BEL220113,175,1.3,,565,15,6,13.2,,0,6.8,,NO,,Bellingham
02/24/2022,Squalicum Creek,20,3,,,,1,164,242.9,,8,15.84,30,126,,,Present,,,,,,0,,,,,0,8.09,0,YES,0.12,,,BEL220224,175,0,,565,9,6,13.21666667,,0,3,,NO,,Bellingham
03/24/2022,Squalicum Creek,40,15.2,,,,1,164,146.9,,8,13.18,30,126,,,Present,,,,,,0,,,,,0,7.76,0,YES,0.07,,,BEL220324,175,-7.1,,565,9,6,13.23333333,,1,8.1,,NO,,Bellingham
04/21/2022,Squalicum Creek,60,13.2,,,,2,164,337.7,,8,12.17,30,126,,,Present,,,,,,0,,,,,0,7.58,0,YES,0.16,,,BEL220421,175,-4.6,,565,9,6,13.25,,1,8.6,,NO,,Bellingham
05/12/2022,Squalicum Creek,580,13.5,,,,2,164,200.3,,8,11.2,30,126,,,Present,,,,,,0,,,,,0,6.42,0,YES,0.1,,,BEL220512,175,-2.5,,565,9,6,13.26666667,,0,11,,NO,,Bellingham
06/16/2022,Squalicum Creek,1260,16.1,,,,2,164,209.4,,8,10.18,30,126,,,Present,,,,,,0,,,,,0,7.6,0,YES,0.1,,,BEL220616,175,-2.3,,565,9,6,13.28333333,,1,13.8,,NO,,Bellingham
07/27/2022,Squalicum Creek,3840,20.1,,,,1,164,1433,,8,10.48,30,126,,,Present,,,,,,0,,,,,0,7.55,0,YES,0.72,,,BEL220727,175,-1.9,,565,13,6,13.3,,0,18.2,,NO,,Bellingham
08/15/2022,Squalicum Creek,580,23.3,,,,1,164,1274,,8,12.3,30,126,,,Present,,,,,,0,,,,,0,8.37,0,YES,0.64,,,BEL220815,175,-5.2,,565,9,6,13.31666667,,0,18.1,,NO,,Bellingham
09/06/2022,Squalicum Creek,100,14.6,,,,0,164,2033,,8,8.12,30,126,,,Present,,,,,,0,,,,,0,8.72,0,YES,1.9,,,BEL220906,175,-1,,565,9,6,13.33333333,,0,13.6,,NO,,Bellingham
10/04/2022,Squalicum Creek,0,13,,,,0,164,3598,,8,8.53,30,126,,,Present,,,,,,0,,,,,0,7.35,0,YES,1.91,,,BEL221004,175,-0.2,,565,9,6,13.35,,0,12.8,,NO,,Bellingham
11/07/2022,Squalicum Creek,1700,1.1,,,,1,164,200.1,,8,12.45,30,126,,,Present,,,,,,0,,,,,0,8.01,0,YES,0.09,,,BEL221107,175,5,,565,9,6,13.36666667,,0,6.1,,NO,,Bellingham
12/05/2022,Squalicum Creek,148,5.8,,,,1,164,284.5,,8,13.85,30,126,,,Present,,,,,,0,,,,,0,7.87,0,YES,0.13,,,BEL221205,175,-3.1,,565,9,6,13.38333333,,1,2.7,,NO,,Bellingham
01/03/2023,Squalicum Creek,70,4.8,,,,1,164,174.9,,8,13.24,30,126,,,Present,,,,,,0,,,,,0,7.56,0,YES,0.08,,,BEL230103,175,-0.6,,565,9,6,13.4,,1,4.2,,NO,,Bellingham
02/15/2023,Squalicum Creek,,6.7,,,,1,164,192,,8,14.11,30,126,,,Present,,,,,,0,,,,,0,7.33,0,YES,0.09,,,BEL230215,175,-1.9,,565,9,6,13.41666667,,1,4.8,,NO,,Bellingham
03/15/2023,Squalicum Creek,100,9,,,,1,164,184.3,,8,14.87,30,126,,,Present,,,,,,0,,,,,0,7.17,0,YES,0.09,,,BEL230315,175,-1.3,,565,9,6,13.43333333,,1,7.7,,NO,,Bellingham
04/12/2023,Squalicum Creek,65,8,,,,1,164,192.8,,8,13.08,30,126,,,Present,,,,,,0,,,,,0,7.73,0,YES,0.09,,,BEL230412,175,1.9,,565,9,6,13.45,,1,9.9,,NO,,Bellingham
05/12/2023,Squalicum Creek,55,21,,,,1,164,309.7,,8,,30,126,,,Present,,,,,,0,,,,,0,7.48,0,YES,0.15,,,BEL230512,175,-4.6,,565,9,6,13.46666667,,1,16.4,,NO,,Bellingham
06/06/2023,Squalicum Creek,195,21.1,,,,0,164,1793,,8,,30,126,,,Present,,,,,,0,,,,,0,7.21,0,YES,0.91,,,BEL230606,175,-3.2,,565,9,6,13.48333333,,0,17.9,,NO,,Bellingham
07/19/2023,Squalicum Creek,45,22.6,,,,1,164,1783,,8,9.38,30,126,,,Present,,,,,,0,,,,,0,8.23,0,YES,0.91,,,BEL230719,175,-5.2,,565,8.36,6,13.5,,0,17.4,,NO,,Bellingham
08/02/2023,Squalicum Creek,100,19,,,,0,164,3422,,8,8.95,30,126,,,Present,,,,,,0,,,,,0,7.48,0,YES,1.81,,,BEL230802,175,-1.7,,565,4.42,6,13.51666667,,0,17.3,,NO,,Bellingham
09/25/2023,Squalicum Creek,210,15.4,,09:38:00,,1,164,255.2,,8,7.75,30,126,4122,,Moderate,,,,,,0,,,,,0,7.42,0,YES,0.12,,,BEL230925,175,-1,,565,4.84,6,13.53333333,,0,14.4,,NO,,Bellingham
10/11/2023,Squalicum Creek,,13.2,,09:10:00,,1,164,1039,,8,8.68,30,126,725,,Trickle,,,,,,0,,,,,0,7.35,0,YES,0.52,,,BEL231011,175,-0.7,,565,2.37,6,13.55,,1,12.5,,NO,,Bellingham
10/11/2023,Squalicum Creek,,,40,,,,164,,0,8,,30,126,,0,,,100,0,0,0,0,0,0,0,0,,,0,YES,,,0,BEL231011,175,,0,565,,6,13.56666667,,,,,NO,0,Bellingham
11/07/2023,Squalicum Creek,,14.3,,05:55:00,,,164,173.6,,8,9.99,30,126,355,,Moderate,,,,,,0,,,,,0,6.85,0,YES,0.08,,,BEL231107,175,-3.8,,565,1.59,6,13.58333333,,,10.5,,NO,,Bellingham
11/07/2023,Squalicum Creek,445,,,05:55:00,,,164,,,8,,30,126,,,Moderate,,,,,,0,,,,,,,0,YES,,,,BEL231107,175,,,565,,6,13.6,,,,,NO,,Bellingham
11/07/2023,Squalicum Creek,,9.7,,06:23:00,,,164,177.8,,8,10.56,30,126,360,,Moderate,,,,,,0,,,,,0,7.31,0,YES,0.06,,,BEL231107,175,0.6,,565,0.53,6,13.61666667,,,10.3,,NO,,Bellingham
11/07/2023,Squalicum Creek,,,0,,,,164,,0,8,,30,126,,0,,,0,0,0,0,0,0,0,0,0,,,0,YES,,,500,BEL231107,175,,0,565,,6,13.63333333,,,,Zinc test 2 = 0,NO,5,Bellingham
11/07/2023,Squalicum Creek,,,40,,,,164,,0,8,,30,126,,0,,,50,0,0,5,0,0,0,10,1,,,0,YES,,,0,BEL231107,175,,0.5,565,,6,13.65,,,,Lead test 2 = 0; T Chlorine = 0; Zinc test 2 = 0,NO,5,Bellingham
12/07/2023,Squalicum Creek,120,4.8,,20:50:00,,2,164,122,,8,12,30,126,270,,High,,,,,,0,,,,,0,7.48,0,YES,0.06,,,BEL231207,175,1.9,,565,59,6,13.66666667,,2,6.7,,NO,,Bellingham
12/07/2023,Squalicum Creek,90,5.5,,22:26:00,,2,164,122.5,,8,12.15,30,126,380,,High,,,,,,0,,,,,0,7.38,0,YES,0.06,,,BEL231207,175,1,,565,60.9,6,13.68333333,,2,6.5,,NO,,Bellingham
12/07/2023,Squalicum Creek,,,0,,,,164,,0,8,,30,126,,0,,,50,0,0,0,0,0,0,0,0,,,0,YES,,,0,BEL231207,175,,0.5,565,,6,13.7,,,,duplicate sample total chlorine = 0,NO,0,Bellingham
12/07/2023,Squalicum Creek,,,0,,,,164,,0,8,,30,126,,0,,,50,0,0,5,0,0,0,0,0,,,0,YES,,,0,BEL231207,175,,0,565,,6,13.71666667,,,,duplicate sample lead = 0,NO,0,Bellingham
01/05/2024,Squalicum Creek,40,7.1,,19:28:00,,1,164,167.7,,8,12.52,30,126,10,,Moderate,,,,,,0,,,,,1,7.44,0,YES,0.08,,,BEL240105,175,1.4,,565,23.8,6,13.73333333,,1,8.5,,NO,,Bellingham
01/05/2024,Squalicum Creek,,,40,,,,164,,0,8,,30,126,,0,,,25,0,0,0,0,0,0.002,0,0,,,0,YES,,,0,BEL240105,175,,0,565,,6,13.75,,,,,NO,0,Bellingham
02/01/2024,Squalicum Creek,5,11,,16:30:00,,2,164,166.2,,8,13.21,30,126,20,,High,,,,,,0,,,,,0,7.49,0,YES,0.08,,,BEL240201,175,-2.8,,565,13.25,6,13.76666667,,2,8.2,,NO,,Bellingham
02/01/2024,Squalicum Creek,0,10.2,,16:50:00,,2,164,163.5,,8,12.08,30,126,10,,High,,,,,,0,,,,,0,7.5,0,YES,0.08,,,BEL240201,175,-1.7,,565,13.69,6,13.78333333,,2,8.5,,NO,,Bellingham
02/01/2024,Squalicum Creek,,,0,,,,164,,0,8,,30,126,,0,,,250,0,0,0,0,0,0,0,0,,,0,YES,,,0,BEL240201,175,,,565,,6,13.8,,,,chlorine from test 1 yellow not pink,NO,0,Bellingham
02/01/2024,Squalicum Creek,,,0,,,,164,,0,8,,30,126,,0,,,50,0,0,0,0,0,0,0,0,,,0,YES,,,0,BEL240201,175,,,565,,6,13.81666667,,,,chlorine from test 1 brown not pink,NO,0,Bellingham
03/11/2024,Squalicum Creek,0,10.1,,13:49:00,,2,164,174.4,,8,13.89,30,126,300,,Moderate,,,,,,0,,,,,0,7.62,0,YES,0.08,,,BEL240311,175,-3.3,,565,8.8,6,13.83333333,,1,6.8,,NO,,Bellingham
03/11/2024,Squalicum Creek,,,0,,,,164,,0,8,,30,126,,0,,,50,0,0,5,0,0,0,0,0,,,0,YES,,,100,BEL240311,175,,0.5,565,,6,13.85,,,,,NO,0,Bellingham
03/13/2024,Squalicum Creek,50,7.2,,12:47:00,,1,164,,,8,,30,126,200,,Moderate,,,,,,0,,,,,0,,0,YES,,,,BEL240313,175,-2.8,,565,,6,13.86666667,,1,4.4,,NO,,Bellingham
04/08/2024,Squalicum Creek,50,10,40,11:38:00,,2,164,191.8,0,8,13,30,126,1500,0,Moderate,,250,0,0,0,0,0,0,0,0,0,7.55,0,YES,0.09,,0,BEL240408,175,-0.9,,565,,6,13.88333333,"visual: bubbles, foam; using YSI#4 - seems imprecise",1,9.1,,NO,0,Bellingham
05/09/2024,Squalicum Creek,100,24,,,,1,164,176.3,,8,10.97,30,126,,,Moderate,,,,,,0,,,,,0,7.59,0,YES,0.08,,,BEL240509,175,-11.4,,565,1.21,6,13.9,color: light brown; visual: small clumps of foam; two mallards; turbidity score seems wrong given yellow color. calibrated turbidity meter and re-tested (originally 0 and then 1.21),1,12.6,,NO,,Bellingham
05/09/2024,Squalicum Creek,,,0,,,,164,,0,8,,30,126,,0,,,0,0,0,0,0,0,0,0,0,,,0,YES,,,0,BEL240509,175,,0.5,565,,6,13.91666667,,,,total chlorine: >0.5 ,NO,5,Bellingham
06/07/2024,Squalicum Creek,33,21.5,10,11:11:00,,1,164,201.2,0,8,10.24,30,126,,0,Moderate,,0,0,0,0,0,0,0,0,0,0,7.56,0,YES,0.1,3,0,20008,175,-7.2,,565,,6,13.93333333,brown color,0,14.3,chlorine color off,NO,0,Bellingham
07/04/2024,Squalicum Creek,466,21,40,10:59:00,,1,164,647,0,8,12.09,30,126,,0,Moderate,,250,0,0,2.5,0,0,0,0,0,0,7.87,0,YES,0.32,3,0,30012,175,95,0.5,565,9.97,6,13.95,"shallow, seaweed at surface
2nd bacterial count 466.2",1,116,,NO,0,Bellingham
07/04/2024,Squalicum Creek,400,20,40,10:59:00,,1,164,758,0,8,12.05,30,126,,0,Moderate,,100,0,0,2.5,0,0,0,0,0,0,8.12,0,YES,0.37,3,0,"30012

",175,-3.8,0.5,565,0,6,13.96666667,,1,16.2,,"No
Yes",0,Bellingham
08/03/2024,Squalicum Creek,496,22.6,40,12:25:00,,1,164,1254,0,8,10.75,30,126,,0,Trickle,,50,0,0,0,0,0,0,0,0,0,7.74,0,YES,0.63,3,0,30016,175,-5.3,0.5,565,0,6,13.98333333,"a bit yellow,tree matter
sediment in sample may have caused unusually high e coli",1,17.3,,No,0,Bellingham
09/03/2024,Squalicum Creek,133,20.6,40,13:22:00,,1,164,495.8,0,8,11.15,30,126,,0,Moderate,,0,0,0,0,0,0,0,0,0,0,8,0,YES,0.24,3,0,30107,175,-3.6,0.5,565,0,6,14,"light brown, lots of particles",1,17,,No,0,Bellingham
09/27/2023,Taylor Dock at Ladder,,,,10:30:00,,,164,,,8,,30,126,15,,None,,,,,,0,,,,,,,0,YES,,,,BEL230927,175,,,565,,6,15,,,,,NO,,Bellingham
02/03/2021,Whatcom Creek,20,8.89,,11:45:00,,0,164,95.1,,8,13.02,30,126,,,Present,,,,,,0,,,,,0,7.75,0,YES,0.04,,,BEL210203,175,-2.69,,565,9,6,15.01492537,,0,6.2,,NO,,Bellingham
03/16/2021,Whatcom Creek,20,9.4,,,,0,164,15724,,8,14.8,30,126,,,Present,,,,,,0,,,,,0,7.72,0,YES,9.13,,,BEL210316,175,-2.8,,565,9,6,15.02985075,,0,6.6,,NO,,Bellingham
04/15/2021,Whatcom Creek,20,20,,,,0,164,8472,,8,,30,126,,,Present,,,,,,0,,,,,0,7.95,0,YES,4.73,,,BEL210415,175,-9.6,,565,9,6,15.04477612,,0,10.4,,NO,,Bellingham
05/11/2021,Whatcom Creek,20,17.3,,,,0,164,197.1,,8,,30,126,,,Present,,,,,,0,,,,,0,8.14,0,YES,0.09,,,BEL210511,175,-3,,565,9,6,15.05970149,,0,14.3,,NO,,Bellingham
06/08/2021,Whatcom Creek,40,22.1,,,,0,164,228,,8,11.55,30,126,,,Present,,,,,,0,,,,,0,7.69,0,YES,0.11,,,BEL210608,175,-6.6,,565,9,6,15.07462687,,0,15.5,,NO,,Bellingham
07/06/2021,Whatcom Creek,200,22.2,,,,0,164,202.5,,8,9.7,30,126,,,Present,,,,,,0,,,,,0,7.8,0,YES,0.1,,,BEL210706,175,-3.1,,565,9,6,15.08955224,,0,19.1,,NO,,Bellingham
07/06/2021,Whatcom Creek,140,22.2,,,,0,164,202.8,,8,9.97,30,126,,,Present,,,,,,0,,,,,0,7.78,0,YES,0.1,,,BEL210706,175,-3,,565,9,6,15.10447761,,0,19.2,,NO,,Bellingham
08/11/2021,Whatcom Creek,520,22.3,,,,0,164,125,,8,9.94,30,126,,,Present,,,,,,0,,,,,0,7.15,0,YES,0.06,,,BEL210811,175,-3.2,,565,9,6,15.11940299,,0,19.1,,NO,,Bellingham
09/07/2021,Whatcom Creek,3760,22.8,,,,0,164,192.7,,8,10.6,30,126,,,Present,,,,,,0,,,,,0,7.45,0,YES,0.09,,,BEL210907,175,-6.1,,565,9,6,15.13432836,,0,16.7,,NO,,Bellingham
10/04/2021,Whatcom Creek,260,14.2,,,,0,164,225,,8,10.87,30,126,,,Present,,,,,,0,,,,,0,7.23,0,YES,0.11,,,BEL211004,175,-0.5,,565,9,6,15.14925373,,0,13.7,,NO,,Bellingham
11/01/2021,Whatcom Creek,180,7.22,,,,0,164,68.5,,8,11.33,30,126,,,Present,,,,,,0,,,,,0,7.97,0,YES,0.03,,,BEL211101,175,3.28,,565,9,6,15.1641791,,0,10.5,,NO,,Bellingham
12/01/2021,Whatcom Creek,340,13.9,,,,0,164,66.9,,8,12.67,30,126,,,Present,,,,,,0,,,,,0,7.26,0,YES,0.03,,,BEL211201,175,-3.6,,565,9,6,15.17910448,,0,10.3,,NO,,Bellingham
01/13/2022,Whatcom Creek,120,5.5,,,,0,164,69,,8,13.83,30,126,,,Present,,,,,,0,,,,,0,7.57,0,YES,0.03,,,BEL220113,175,0.7,,565,9,6,15.19402985,,0,6.2,,NO,,Bellingham
02/24/2022,Whatcom Creek,240,3,,,,0,164,237.1,,8,13.29,30,126,,,Present,,,,,,0,,,,,0,7.73,0,YES,0.11,,,BEL220224,175,0.9,,565,9,6,15.20895522,,0,3.9,,NO,,Bellingham
03/24/2022,Whatcom Creek,20,15.2,,,,0,164,72.3,,8,13.43,30,126,,,Present,,,,,,0,,,,,0,7.86,0,YES,0.03,,,BEL220324,175,-7.1,,565,9,6,15.2238806,,0,8.1,,NO,,Bellingham
04/21/2022,Whatcom Creek,80,13.2,,,,1,164,4149,,8,12.2,30,126,,,Present,,,,,,0,,,,,1,7.32,0,YES,2.21,,,BEL220421,175,-4,,565,9,6,15.23880597,,0,9.2,,NO,,Bellingham
05/12/2022,Whatcom Creek,160,13.5,,,,0,164,73.9,,8,11.75,30,126,,,Present,,,,,,0,,,,,0,6.66,0,YES,0.03,,,BEL220512,175,-2.1,,565,9,6,15.25373134,,0,11.4,,NO,,Bellingham
05/12/2022,Whatcom Creek,18,13.5,,,,0,164,73.6,,8,11.47,30,126,,,Present,,,,,,0,,,,,0,6.72,0,YES,0.03,,,BEL220512,175,-2.1,,565,9,6,15.26865672,,0,11.4,,NO,,Bellingham
06/16/2022,Whatcom Creek,360,16.1,,,,0,164,95.7,,8,10.33,30,126,,,Present,,,,,,0,,,,,0,7.53,0,YES,0.04,,,BEL220616,175,-1.1,,565,9,6,15.28358209,,0,15,,NO,,Bellingham
07/27/2022,Whatcom Creek,1860,20.1,,,,0,164,183.9,,8,10.35,30,126,,,Present,,,,,,0,,,,,0,7.83,0,YES,0.09,,,BEL220727,175,0.5,,565,11,6,15.29850746,,0,20.6,,NO,,Bellingham
08/15/2022,Whatcom Creek,180,23.3,,,,0,164,349.5,,8,11.63,30,126,,,Present,,,,,,0,,,,,0,8.23,0,YES,0.17,,,BEL220815,175,-3.7,,565,9,6,15.31343284,,0,19.6,,NO,,Bellingham
09/06/2022,Whatcom Creek,200,14.6,,,,0,164,249.3,,8,7.39,30,126,,,Present,,,,,,0,,,,,0,7.63,0,YES,0.12,,,BEL220906,175,1.9,,565,9,6,15.32835821,,0,16.5,,NO,,Bellingham
10/04/2022,Whatcom Creek,0,13,,,,0,164,77.7,,8,9.52,30,126,,,Present,,,,,,0,,,,,0,8.81,0,YES,0.04,,,BEL221004,175,4.1,,565,9,6,15.34328358,,0,17.1,,NO,,Bellingham
11/07/2022,Whatcom Creek,500,1.1,,,,0,164,72.2,,8,11.95,30,126,,,Present,,,,,,0,,,,,0,8.43,0,YES,0.03,,,BEL221107,175,8.7,,565,9,6,15.35820896,,0,9.8,,NO,,Bellingham
12/05/2022,Whatcom Creek,338,5.8,,,,0,164,103.9,,8,14,30,126,,,Present,,,,,,0,,,,,0,8.6,0,YES,0.05,,,BEL221205,175,-1.5,,565,9,6,15.37313433,,0,4.3,,NO,,Bellingham
01/03/2023,Whatcom Creek,70,4.8,,,,0,164,66.9,,8,13.3,30,126,,,Present,,,,,,0,,,,,0,7.97,0,YES,0.03,,,BEL230103,175,0.6,,565,9,6,15.3880597,,0,5.4,,NO,,Bellingham
02/15/2023,Whatcom Creek,34,6.7,,,,0,164,83.6,,8,14.47,30,126,,,Present,,,,,,0,,,,,0,7.7,0,YES,0.04,,,BEL230215,175,-1.2,,565,9,6,15.40298507,,0,5.5,,NO,,Bellingham
03/15/2023,Whatcom Creek,100,9,,,,0,164,155,,8,14.08,30,126,,,Present,,,,,,0,,,,,0,7.13,0,YES,0.07,,,BEL230315,175,-1.7,,565,9,6,15.41791045,,0,7.3,,NO,,Bellingham
04/12/2023,Whatcom Creek,10,8,,,,0,164,79.4,,8,12.25,30,126,,,Present,,,,,,0,,,,,0,7.52,0,YES,0.04,,,BEL230412,175,1.4,,565,9,6,15.43283582,,0,9.4,,NO,,Bellingham
04/12/2023,Whatcom Creek,50,8,,,,0,164,78.4,,8,12.2,30,126,,,Present,,,,,,0,,,,,0,7.55,0,YES,0.04,,,BEL230412,175,1.3,,565,9,6,15.44776119,,0,9.3,,NO,,Bellingham
05/09/2023,Whatcom Creek,70,13,,,,0,164,74.6,,8,,30,126,,,Present,,,,,,0,,,,,0,8.3,0,YES,0.03,,,BEL230509,175,-0.1,,565,9,6,15.46268657,,0,12.9,,NO,,Bellingham
06/06/2023,Whatcom Creek,265,21.1,,,,0,164,159.3,,8,,30,126,,,Present,,,,,,0,,,,,0,7.97,0,YES,0.07,,,BEL230606,175,-4.3,,565,9,6,15.47761194,,0,16.8,,NO,,Bellingham
07/19/2023,Whatcom Creek,200,19.6,,,,0,164,145.1,,8,9.44,30,126,,,Present,,,,,,0,,,,,0,7.93,0,YES,0.07,,,BEL230719,175,-0.8,,565,0.24,6,15.49253731,,0,18.8,,NO,,Bellingham
08/02/2023,Whatcom Creek,285,18.6,,,,0,164,188.6,,8,9.65,30,126,,,Present,,,,,,0,,,,,0,8.29,0,YES,0.09,,,BEL230802,175,0.1,,565,2.8,6,15.50746269,,0,18.7,,NO,,Bellingham
09/25/2023,Whatcom Creek,310,17.3,,10:28:00,,1,164,105,,8,7.73,30,126,1445,,Moderate,,,,,,0,,,,,0,7.75,0,YES,0.05,,,BEL230925,175,-1.3,,565,3.78,6,15.52238806,,0,16,,NO,,Bellingham
09/25/2023,Whatcom Creek,,16.4,,10:30:00,,1,164,105.1,,8,7.84,30,126,,,Moderate,,,,,,0,,,,,0,7.76,0,YES,0.05,,,BEL230925,175,-0.4,,565,2.9,6,15.53731343,,0,16,,NO,,Bellingham
10/11/2023,Whatcom Creek,,15.3,,10:05:00,,1,164,75.3,,8,9.44,30,126,80,,Moderate,,,,,,0,,,,,0,7.42,0,YES,0.03,,,BEL231011,175,-0.8,,565,0.86,6,15.55223881,,0,14.5,,NO,,Bellingham
10/11/2023,Whatcom Creek,,13.1,,10:16:00,,1,164,74.3,,8,9.3,30,126,,,Moderate,,,,,,0,,,,,0,7.48,0,YES,0.03,,,BEL231011,175,1.3,,565,1.9,6,15.56716418,,0,14.4,,NO,,Bellingham
10/11/2023,Whatcom Creek,,,0,,,,164,,0,8,,30,126,,100,,,50,0,0,0,0,0,0,0,0,,,0,YES,,,0,BEL231011,175,,0,565,,6,15.58208955,,,,Zinc test 2 = 0; Fluoride test 2 = 0,NO,10,Bellingham
11/07/2023,Whatcom Creek,,9.1,,07:33:00,,,164,89.9,,8,11.08,30,126,70,,Moderate,,,,,,0,,,,,0,7.41,0,YES,0.04,,,BEL231107,175,2.1,,565,1.01,6,15.59701493,,,11.2,,NO,,Bellingham
11/07/2023,Whatcom Creek,190,,,07:33:00,,,164,,,8,,30,126,,,Moderate,,,,,,0,,,,,,,0,YES,,,,BEL231107,175,,,565,,6,15.6119403,,,,,NO,,Bellingham
12/07/2023,Whatcom Creek,50,3.9,,21:26:00,,1,164,79.3,,8,12.18,30,126,130,,High,,,,,,0,,,,,0,6.9,0,YES,0.04,,,BEL231207,175,3.9,,565,11.46,6,15.62686567,,0,7.8,,NO,,Bellingham
12/07/2023,Whatcom Creek,,,0,,,,164,,0,8,,30,126,,0,,,0,0,0,5,0,0,0,0,0,,,0,YES,,,0,BEL231207,175,,0,565,,6,15.64179104,,,,no 2nd test strip sample,NO,0,Bellingham
01/05/2024,Whatcom Creek,5,7.9,,19:57:00,,0,164,73.3,,8,12.77,30,126,30,,Moderate,,,,,,0,,,,,0,7.43,0,YES,0.03,,,BEL240105,175,-2,,565,2.74,6,15.65671642,,1,5.9,,NO,,Bellingham
01/05/2024,Whatcom Creek,,6.8,,20:10:00,,0,164,73,,8,12.67,30,126,,,Moderate,,,,,,0,,,,,0,7.41,0,YES,0.03,,,BEL240105,175,0.3,,565,0,6,15.67164179,,1,7.1,,NO,,Bellingham
01/05/2024,Whatcom Creek,,,0,,,,164,,0,8,,30,126,,0,,,25,0,0,0,0,0,0,0,0,,,0,YES,,,0,BEL240105,175,,0,565,,6,15.68656716,,,,,NO,0,Bellingham
01/05/2024,Whatcom Creek,,,0,,,,164,,0,8,,30,126,,0,,,0,0,0,0,0,0,0,0,0,,,0,YES,,,0,BEL240105,175,,0,565,,6,15.70149254,,,,,NO,0,Bellingham
02/01/2024,Whatcom Creek,0,10.8,,17:15:00,,0,164,81.4,,8,114.32,30,126,0,,High,,,,,,0,,,,,0,7.58,0,YES,0.04,,,BEL240201,175,-3.5,,565,2.41,6,15.71641791,,0,7.3,,NO,,Bellingham
02/01/2024,Whatcom Creek,,,0,,,,164,,,8,,30,126,,4,,,0,0,0,0,0,0,0,0,0,,,0,YES,,,100,BEL240201,175,,,565,,6,15.73134328,,,,chlorine from test 1 was brown copper and from test 2 was light yellow,NO,0,Bellingham
03/11/2024,Whatcom Creek,0,10.9,,14:20:00,,0,164,80.7,,8,13.93,30,126,400,,Moderate,,,,,,0,,,,,0,6.7,0,YES,0.04,,,BEL240311,175,-4.2,,565,4.44,6,15.74626866,,0,6.7,,NO,,Bellingham
03/11/2024,Whatcom Creek,,,0,,,,164,,0,8,,30,126,,0,,,250,0,0,0,0,0,0,0,0,,,0,YES,,,0,BEL240311,175,,0.5,565,,6,15.76119403,,,,,NO,0,Bellingham
03/13/2024,Whatcom Creek,0,7.7,,13:12:00,,0,164,,,8,,30,126,0,,Moderate,,,,,,0,,,,,0,,0,YES,,,,BEL240313,175,-3.8,,565,,6,15.7761194,,0,3.9,,NO,,Bellingham
04/08/2024,Whatcom Creek,100,10,,12:03:00,,1,164,148.4,,8,10.66,30,126,150,,Moderate,,,,,,0,,,,,0,7.58,0,YES,0.07,,,BEL240408,175,-1.3,,565,,6,15.79104478,using YSI#4 - seems imprecise,0,8.7,,NO,,Bellingham
04/08/2024,Whatcom Creek,0,10,,12:03:00,,1,164,147.4,,8,10.79,30,126,100,,,,,,,,0,,,,,0,7.62,0,YES,0.07,,,BEL240408,175,-1.3,,565,,6,15.80597015,Duplicate sample; using YSI#4 - seems imprecise,0,8.7,,NO,,Bellingham
04/08/2024,Whatcom Creek,100,10,,,,1,164,148.4,,8,10.66,30,126,150,,Moderate,,,,,,0,,,,,0,7.58,0,YES,0.07,,,BEL240408,175,-1.3,,565,,6,15.82089552,using YSI#4 - seems imprecise,0,8.7,,NO,,Bellingham
04/08/2024,Whatcom Creek,0,10,,,,1,164,147.4,,8,10.79,30,126,100,,Moderate,,,,,,0,,,,,0,7.62,0,YES,0.07,,,BEL240408,175,-1.3,,565,,6,15.8358209,Duplicate sample; using YSI#4 - seems imprecise,0,8.7,,NO,,Bellingham
04/08/2024,Whatcom Creek,,,40,,,,164,,0,8,,30,126,,0,,,250,0,0,5,0,0,0,25,5,,,0,YES,,,100,BEL240408,175,,0,565,,6,15.85074627,,,,,NO,0,Bellingham
04/08/2024,Whatcom Creek,,,40,,,,164,,0.1,8,,30,126,,0,,,200,0,0,0,0,0,0,0,0,,,0,YES,,,0,BEL240408,175,,0,565,,6,15.86567164,,,,,NO,0,Bellingham
05/09/2024,Whatcom Creek,67,16,,,,0,164,76.6,,8,11.09,30,126,,,Moderate,,,,,,0,,,,,0,7.29,0,YES,0.04,,,BEL240509,175,-3.3,,565,0,6,15.88059701,,0,12.7,,NO,,Bellingham
05/09/2024,Whatcom Creek,0,18.5,,,,0,164,75,,8,11.25,30,126,,,Moderate,,,,,,0,,,,,0,7.41,0,YES,0.03,,,BEL240509,175,-5.9,,565,0,6,15.89552239,,0,12.6,,NO,,Bellingham
05/09/2024,Whatcom Creek,,,0,,,,164,,0,8,,30,126,,0,,,0,0,0,5,0,0,0,0,0,,,0,YES,,,0,BEL240509,175,,0,565,,6,15.91044776,,,,lead: >5,NO,5,Bellingham
05/09/2024,Whatcom Creek,,,0,,,,164,,0,8,,30,126,,0,,,0,0,0,5,0,0,0,0,0,,,0,YES,,,0,BEL240509,175,,0,565,,6,15.92537313,,,,duplicate; lead: >5,NO,5,Bellingham
06/07/2024,Whatcom Creek,35,19,0,11:44:00,,1,164,142.7,0,8,10.75,30,126,,0,Moderate,,100,0,0,0,0,0,0,0,0,1,7.76,0,YES,0.07,3,0,20008,175,-5,0.5,565,1.09,6,15.94029851,slight yellow/slight ocean odor,0,14,,NO,0,Bellingham
07/04/2024,Whatcom Creek,67,20,40,11:41:00,,1,164,105.1,0,8,10.96,30,126,,0,Moderate,,25,0,0,2.5,0,0,0,0,0,1,7.9,0,YES,0.05,3,0,30012,175,-2.7,0.5,565,0,6,15.95522388,"Shallow, seaweed at surface",1,17.3,,NO,0,Bellingham
08/03/2024,Whatcom Creek,167,24.6,0,13:00:00,,1,164,148.5,0,8,10.4,30,126,,0,Trickle,,25,0,0,0,0,0,0,0,0,0,8.18,0,YES,0.07,3,0,30016,175,-5.5,0,565,0,6,15.97014925,yellowish color,0,19.1,,No,0,Bellingham
09/03/2024,Whatcom Creek,200,22.8,40,13:50:00,,0,164,177.6,0,8,10.18,30,126,,0,Moderate,,0,0,0,5,0,0,0,0,0,1,8.26,0,YES,0.09,3,0,30107,175,-4.8,0,565,0,6,15.98507463,"faint mold, foam/scum",1,18,,No,0,Bellingham
09/03/2024,Whatcom Creek,200,22.2,40,13:50:00,,0,164,175.4,0,8,10.34,30,126,,0,moderate,,0,0,0,5,0,0,0,0,0,1,8.43,0,YES,0.09,3,0,30107,175,-3.9,0.5,565,0,6,16,"faint mold, foam/scum",1,18.3,,"No
Yes",0,Bellingham
06/16/2022,Willow St,140,16.1,,,,0,164,323.9,,8,9.39,30,126,,,Present,,,,,,0,,,,,0,7.51,0,YES,0.16,,,BEL220616,175,-1.1,,565,9,6,16.07692308,,0,15,,NO,,Bellingham
07/27/2022,Willow St,340,20.1,,,,0,164,3488,,8,7.4,30,126,,,Present,,,,,,0,,,,,0,7.28,0,YES,1.84,,,BEL220727,175,-2.3,,565,9,6,16.15384615,,0,17.8,,NO,,Bellingham
08/15/2022,Willow St,260,23.3,,,,0,164,3134,,8,6.65,30,126,,,Present,,,,,,0,,,,,0,7.49,0,YES,1.64,,,BEL220815,175,-5.8,,565,9,6,16.23076923,,0,17.5,,NO,,Bellingham
11/07/2022,Willow St,200,1.1,,,,0,164,284.1,,8,10.9,30,126,,,Present,,,,,,0,,,,,0,8.95,0,YES,0.13,,,BEL221107,175,8.9,,565,9,6,16.30769231,,0,10,,NO,,Bellingham
12/05/2022,Willow St,46,5.8,,,,0,164,477,,8,12.09,30,126,,,Present,,,,,,0,,,,,0,8.82,0,YES,0.23,,,BEL221205,175,0.9,,565,9,6,16.38461538,,0,6.7,,NO,,Bellingham
01/03/2023,Willow St,60,4.8,,,,0,164,272.2,,8,12.3,30,126,,,Present,,,,,,0,,,,,0,8.76,0,YES,0.13,,,BEL230103,175,2.8,,565,9,6,16.46153846,,0,7.6,,NO,,Bellingham
02/15/2023,Willow St,1,6.7,,,,0,164,249.5,,8,12.68,30,126,,,Present,,,,,,0,,,,,0,7.92,0,YES,0.12,,,BEL230215,175,0.7,,565,9,6,16.53846154,,0,7.4,,NO,,Bellingham
02/15/2023,Willow St,1,6.7,,,,0,164,249.9,,8,12.34,30,126,,,Present,,,,,,0,,,,,0,7.79,0,YES,0.12,,,BEL230215,175,0.7,,565,9,6,16.61538462,,0,7.4,,NO,,Bellingham
03/15/2023,Willow St,100,9,,,,0,164,288.8,,8,12.95,30,126,,,Present,,,,,,0,,,,,0,7.27,0,YES,0.14,,,BEL230315,175,-0.6,,565,9,6,16.69230769,,0,8.4,,NO,,Bellingham
03/15/2023,Willow St,100,9,,,,0,164,281.9,,8,12.73,30,126,,,Present,,,,,,0,,,,,0,7.22,0,YES,0.13,,,BEL230315,175,-0.7,,565,9,6,16.76923077,,0,8.3,,NO,,Bellingham
04/11/2023,Willow St,55,10,,,,0,164,475.1,,8,11.98,30,126,40,,Present,,,,,,0,,,,,0,8.61,0,YES,0.23,,,BEL230411,175,-0.5,,565,9,6,16.84615385,,0,9.5,,NO,,Bellingham
05/12/2023,Willow St,20,21,,,,0,164,458.4,,8,,30,126,,,Present,,,,,,0,,,,,0,7.23,0,YES,0.22,,,BEL230512,175,-7.1,,565,9,6,16.92307692,,0,13.9,,NO,,Bellingham
06/06/2023,Willow St,85,21.1,,,,0,164,1989,,8,,30,126,,,Present,,,,,,0,,,,,0,7.95,0,YES,1.02,,,BEL230606,175,-7.1,,565,9,6,17,,0,14,,NO,,Bellingham